algorithm,basis_energy_threshold,bc05_sc_original,bc09_sc_original,bc_threshold,block_width_mhz,block_width_sc,case_id,cdd_delay_ns,cdd_delay_samples,ce_nmse_branch_mean,ce_nmse_branch_median,ce_nmse_eff_mean,ce_nmse_eff_median,cond_mean,cond_number,covariance,delay_spread_ns,dmrs_spacing_sc,dmrs_symbols,effective_rank,family,n_blocks,n_prbs,n_sc,n_unknown_taps,noise_var_ls,overhead_mode,pilot_count,pilot_count_combined,pilot_count_per_port,processing_bandwidth_rb,processing_bandwidth_sc,snr_db,support_len,total_pilot_re_relative,trials
Alg1 Direct RMMSE WB 576sc,,,,,,,flat_ds1_d64_sf2,520.8333333333334,64,nan,nan,0.01522078832540894,0.013584311167426446,,,CDD-shifted PDP,1.0,2,2,,alg1_direct_rmmse,,48,576,,1.9905358527674861,,288,288,,48.0,576,-6.0,,,100
Alg2 Basis LMMSE E90,0.9,,,,,,flat_ds1_d64_sf2,520.8333333333334,64,0.015219853864664689,0.01357264001788484,0.015220789726522646,0.013584684083176351,,1.0000000000000007,,1.0,2,2,2.0,alg2_basis_reduced_support,,48,576,2,1.9905358527674861,,288,288,,,,-6.0,1,,100
Alg2 Basis LMMSE E95,0.95,,,,,,flat_ds1_d64_sf2,520.8333333333334,64,0.015219853864664689,0.01357264001788484,0.015220789726522646,0.013584684083176351,,1.0000000000000007,,1.0,2,2,2.0,alg2_basis_reduced_support,,48,576,2,1.9905358527674861,,288,288,,,,-6.0,1,,100
Alg2 Basis LMMSE E99,0.99,,,,,,flat_ds1_d64_sf2,520.8333333333334,64,0.015219853864664689,0.01357264001788484,0.015220789726522646,0.013584684083176351,,1.0000000000000007,,1.0,2,2,2.0,alg2_basis_reduced_support,,48,576,2,1.9905358527674861,,288,288,,,,-6.0,1,,100
Alg2 CoherenceBlock Bc0.9,,,,0.9,17.28,576,flat_ds1_d64_sf2,520.8333333333334,64,0.015219856574728307,0.013572684941540198,0.01522079235793256,0.013584729943830209,1.0000000000000002,1.0000000000000002,,1.0,2,2,,alg2_coherence_block,1,48,576,,1.9905358527674861,,,288,,,,-6.0,,,100
Alg3 Port-DMRS RMMSE equal-total,,,,,,,flat_ds1_d64_sf2,520.8333333333334,64,0.01441063869323144,0.012969547295883664,0.014413864104177337,0.012982112664646465,,,,1.0,2,2,,alg3_port_dmrs,,48,576,,1.9905358527674861,equal_total_overhead,,288,144,,,-6.0,,1.0,100
Alg3 Port-DMRS RMMSE equal-per-port,,,,,,,flat_ds1_d64_sf2,520.8333333333334,64,0.007388382642678004,0.006496201935553659,0.007386666711633703,0.0064980263497441786,,,,1.0,2,2,,alg3_port_dmrs,,48,576,,1.9905358527674861,equal_per_port_density,,288,288,,,-6.0,,2.0,100
Alg1 Direct RMMSE WB 576sc,,,,,,,flat_ds1_d64_sf2,520.8333333333334,64,nan,nan,0.010457550949839084,0.00973307930984272,,,CDD-shifted PDP,1.0,2,2,,alg1_direct_rmmse,,48,576,,1.25594321575479,,288,288,,48.0,576,-4.0,,,100
Alg2 Basis LMMSE E90,0.9,,,,,,flat_ds1_d64_sf2,520.8333333333334,64,0.010454945623036066,0.009733525779067225,0.010457530208013018,0.009734124104958457,,1.0000000000000007,,1.0,2,2,2.0,alg2_basis_reduced_support,,48,576,2,1.25594321575479,,288,288,,,,-4.0,1,,100
Alg2 Basis LMMSE E95,0.95,,,,,,flat_ds1_d64_sf2,520.8333333333334,64,0.010454945623036066,0.009733525779067225,0.010457530208013018,0.009734124104958457,,1.0000000000000007,,1.0,2,2,2.0,alg2_basis_reduced_support,,48,576,2,1.25594321575479,,288,288,,,,-4.0,1,,100
Alg2 Basis LMMSE E99,0.99,,,,,,flat_ds1_d64_sf2,520.8333333333334,64,0.010454945623036066,0.009733525779067225,0.010457530208013018,0.009734124104958457,,1.0000000000000007,,1.0,2,2,2.0,alg2_basis_reduced_support,,48,576,2,1.25594321575479,,288,288,,,,-4.0,1,,100
Alg2 CoherenceBlock Bc0.9,,,,0.9,17.28,576,flat_ds1_d64_sf2,520.8333333333334,64,0.010454953759663257,0.009733399301416139,0.010457538421857622,0.00973399768073636,1.0000000000000002,1.0000000000000002,,1.0,2,2,,alg2_coherence_block,1,48,576,,1.25594321575479,,,288,,,,-4.0,,,100
Alg3 Port-DMRS RMMSE equal-total,,,,,,,flat_ds1_d64_sf2,520.8333333333334,64,0.010478832233629417,0.008573345388104482,0.010476937056790486,0.008570913521536425,,,,1.0,2,2,,alg3_port_dmrs,,48,576,,1.25594321575479,equal_total_overhead,,288,144,,,-4.0,,1.0,100
Alg3 Port-DMRS RMMSE equal-per-port,,,,,,,flat_ds1_d64_sf2,520.8333333333334,64,0.0057834784755559695,0.005226338987831688,0.005784857522658477,0.005235094543387338,,,,1.0,2,2,,alg3_port_dmrs,,48,576,,1.25594321575479,equal_per_port_density,,288,288,,,-4.0,,2.0,100
Alg1 Direct RMMSE WB 576sc,,,,,,,flat_ds1_d64_sf2,520.8333333333334,64,nan,nan,0.006378693213611095,0.005944673536783459,,,CDD-shifted PDP,1.0,2,2,,alg1_direct_rmmse,,48,576,,0.7924465962305568,,288,288,,48.0,576,-2.0,,,100
Alg2 Basis LMMSE E90,0.9,,,,,,flat_ds1_d64_sf2,520.8333333333334,64,0.006380152067218767,0.005958119795259758,0.006378676290843071,0.0059453789468422065,,1.0000000000000007,,1.0,2,2,2.0,alg2_basis_reduced_support,,48,576,2,0.7924465962305568,,288,288,,,,-2.0,1,,100
Alg2 Basis LMMSE E95,0.95,,,,,,flat_ds1_d64_sf2,520.8333333333334,64,0.006380152067218767,0.005958119795259758,0.006378676290843071,0.0059453789468422065,,1.0000000000000007,,1.0,2,2,2.0,alg2_basis_reduced_support,,48,576,2,0.7924465962305568,,288,288,,,,-2.0,1,,100
Alg2 Basis LMMSE E99,0.99,,,,,,flat_ds1_d64_sf2,520.8333333333334,64,0.006380152067218767,0.005958119795259758,0.006378676290843071,0.0059453789468422065,,1.0000000000000007,,1.0,2,2,2.0,alg2_basis_reduced_support,,48,576,2,0.7924465962305568,,288,288,,,,-2.0,1,,100
Alg2 CoherenceBlock Bc0.9,,,,0.9,17.28,576,flat_ds1_d64_sf2,520.8333333333334,64,0.006380158670340108,0.005958139223295678,0.006378682902821339,0.005945398337135751,1.0000000000000002,1.0000000000000002,,1.0,2,2,,alg2_coherence_block,1,48,576,,0.7924465962305568,,,288,,,,-2.0,,,100
Alg3 Port-DMRS RMMSE equal-total,,,,,,,flat_ds1_d64_sf2,520.8333333333334,64,0.005834624990321125,0.005496948754774796,0.005834408838349021,0.005494548961684028,,,,1.0,2,2,,alg3_port_dmrs,,48,576,,0.7924465962305568,equal_total_overhead,,288,144,,,-2.0,,1.0,100
Alg3 Port-DMRS RMMSE equal-per-port,,,,,,,flat_ds1_d64_sf2,520.8333333333334,64,0.003250463476471142,0.0028183788720025343,0.0032495789390290823,0.0028191788790931788,,,,1.0,2,2,,alg3_port_dmrs,,48,576,,0.7924465962305568,equal_per_port_density,,288,288,,,-2.0,,2.0,100
Alg1 Direct RMMSE WB 576sc,,,,,,,flat_ds1_d64_sf2,520.8333333333334,64,nan,nan,0.003840879744018767,0.0035495443509665713,,,CDD-shifted PDP,1.0,2,2,,alg1_direct_rmmse,,48,576,,0.5,,288,288,,48.0,576,0.0,,,100
Alg2 Basis LMMSE E90,0.9,,,,,,flat_ds1_d64_sf2,520.8333333333334,64,0.0038417650043979317,0.0035469816014906275,0.003840970644369358,0.003549013733005803,,1.0000000000000007,,1.0,2,2,2.0,alg2_basis_reduced_support,,48,576,2,0.5,,288,288,,,,0.0,1,,100
Alg2 Basis LMMSE E95,0.95,,,,,,flat_ds1_d64_sf2,520.8333333333334,64,0.0038417650043979317,0.0035469816014906275,0.003840970644369358,0.003549013733005803,,1.0000000000000007,,1.0,2,2,2.0,alg2_basis_reduced_support,,48,576,2,0.5,,288,288,,,,0.0,1,,100
Alg2 Basis LMMSE E99,0.99,,,,,,flat_ds1_d64_sf2,520.8333333333334,64,0.0038417650043979317,0.0035469816014906275,0.003840970644369358,0.003549013733005803,,1.0000000000000007,,1.0,2,2,2.0,alg2_basis_reduced_support,,48,576,2,0.5,,288,288,,,,0.0,1,,100
Alg2 CoherenceBlock Bc0.9,,,,0.9,17.28,576,flat_ds1_d64_sf2,520.8333333333334,64,0.003841763752859536,0.003546957066332817,0.003840969390343563,0.003548989242453744,1.0000000000000002,1.0000000000000002,,1.0,2,2,,alg2_coherence_block,1,48,576,,0.5,,,288,,,,0.0,,,100
Alg3 Port-DMRS RMMSE equal-total,,,,,,,flat_ds1_d64_sf2,520.8333333333334,64,0.004008446418415601,0.0037933668676198603,0.004007673550006563,0.003794152393843617,,,,1.0,2,2,,alg3_port_dmrs,,48,576,,0.5,equal_total_overhead,,288,144,,,0.0,,1.0,100
Alg3 Port-DMRS RMMSE equal-per-port,,,,,,,flat_ds1_d64_sf2,520.8333333333334,64,0.002008009509348976,0.0017852300234626603,0.002008892446805452,0.001789190289898998,,,,1.0,2,2,,alg3_port_dmrs,,48,576,,0.5,equal_per_port_density,,288,288,,,0.0,,2.0,100
Alg1 Direct RMMSE WB 576sc,,,,,,,flat_ds1_d64_sf2,520.8333333333334,64,nan,nan,0.0027104555994157593,0.002368262377782901,,,CDD-shifted PDP,1.0,2,2,,alg1_direct_rmmse,,48,576,,0.3154786722400966,,288,288,,48.0,576,2.0,,,100
Alg2 Basis LMMSE E90,0.9,,,,,,flat_ds1_d64_sf2,520.8333333333334,64,0.002711360443846799,0.0023707563260445107,0.0027106266656866528,0.002368297823206269,,1.0000000000000007,,1.0,2,2,2.0,alg2_basis_reduced_support,,48,576,2,0.3154786722400966,,288,288,,,,2.0,1,,100
Alg2 Basis LMMSE E95,0.95,,,,,,flat_ds1_d64_sf2,520.8333333333334,64,0.002711360443846799,0.0023707563260445107,0.0027106266656866528,0.002368297823206269,,1.0000000000000007,,1.0,2,2,2.0,alg2_basis_reduced_support,,48,576,2,0.3154786722400966,,288,288,,,,2.0,1,,100
Alg2 Basis LMMSE E99,0.99,,,,,,flat_ds1_d64_sf2,520.8333333333334,64,0.002711360443846799,0.0023707563260445107,0.0027106266656866528,0.002368297823206269,,1.0000000000000007,,1.0,2,2,2.0,alg2_basis_reduced_support,,48,576,2,0.3154786722400966,,288,288,,,,2.0,1,,100
Alg2 CoherenceBlock Bc0.9,,,,0.9,17.28,576,flat_ds1_d64_sf2,520.8333333333334,64,0.002711358905019856,0.0023707650179757645,0.0027106251235277695,0.0023683081857420836,1.0000000000000002,1.0000000000000002,,1.0,2,2,,alg2_coherence_block,1,48,576,,0.3154786722400966,,,288,,,,2.0,,,100
Alg3 Port-DMRS RMMSE equal-total,,,,,,,flat_ds1_d64_sf2,520.8333333333334,64,0.0026673777372027635,0.0021529719629313883,0.0026680236920771892,0.0021538578852075226,,,,1.0,2,2,,alg3_port_dmrs,,48,576,,0.3154786722400966,equal_total_overhead,,288,144,,,2.0,,1.0,100
Alg3 Port-DMRS RMMSE equal-per-port,,,,,,,flat_ds1_d64_sf2,520.8333333333334,64,0.0012921266761961212,0.001054871287029837,0.0012925803042389103,0.001056518687174915,,,,1.0,2,2,,alg3_port_dmrs,,48,576,,0.3154786722400966,equal_per_port_density,,288,288,,,2.0,,2.0,100
Alg1 Direct RMMSE WB 576sc,,,,,,,flat_ds1_d64_sf2,520.8333333333334,64,nan,nan,0.001574492967981647,0.0013989903919064707,,,CDD-shifted PDP,1.0,2,2,,alg1_direct_rmmse,,48,576,,0.1990535852767486,,288,288,,48.0,576,4.0,,,100
Alg2 Basis LMMSE E90,0.9,,,,,,flat_ds1_d64_sf2,520.8333333333334,64,0.0015746285326444281,0.0013950767239822755,0.0015748629368012492,0.0013986769205971588,,1.0000000000000007,,1.0,2,2,2.0,alg2_basis_reduced_support,,48,576,2,0.1990535852767486,,288,288,,,,4.0,1,,100
Alg2 Basis LMMSE E95,0.95,,,,,,flat_ds1_d64_sf2,520.8333333333334,64,0.0015746285326444281,0.0013950767239822755,0.0015748629368012492,0.0013986769205971588,,1.0000000000000007,,1.0,2,2,2.0,alg2_basis_reduced_support,,48,576,2,0.1990535852767486,,288,288,,,,4.0,1,,100
Alg2 Basis LMMSE E99,0.99,,,,,,flat_ds1_d64_sf2,520.8333333333334,64,0.0015746285326444281,0.0013950767239822755,0.0015748629368012492,0.0013986769205971588,,1.0000000000000007,,1.0,2,2,2.0,alg2_basis_reduced_support,,48,576,2,0.1990535852767486,,288,288,,,,4.0,1,,100
Alg2 CoherenceBlock Bc0.9,,,,0.9,17.28,576,flat_ds1_d64_sf2,520.8333333333334,64,0.0015746281375048654,0.0013950826550114181,0.0015748625376680548,0.0013986804867968867,1.0000000000000002,1.0000000000000002,,1.0,2,2,,alg2_coherence_block,1,48,576,,0.1990535852767486,,,288,,,,4.0,,,100
Alg3 Port-DMRS RMMSE equal-total,,,,,,,flat_ds1_d64_sf2,520.8333333333334,64,0.0015812935584368904,0.0013176754520569057,0.0015816229083443559,0.0013207883619591838,,,,1.0,2,2,,alg3_port_dmrs,,48,576,,0.1990535852767486,equal_total_overhead,,288,144,,,4.0,,1.0,100
Alg3 Port-DMRS RMMSE equal-per-port,,,,,,,flat_ds1_d64_sf2,520.8333333333334,64,0.0007548643535576689,0.0006683908157038053,0.0007544774582054779,0.0006668339896582184,,,,1.0,2,2,,alg3_port_dmrs,,48,576,,0.1990535852767486,equal_per_port_density,,288,288,,,4.0,,2.0,100
Alg1 Direct RMMSE WB 576sc,,,,,,,flat_ds1_d64_sf2,520.8333333333334,64,nan,nan,0.0010545657356051507,0.000995612412240925,,,CDD-shifted PDP,1.0,2,2,,alg1_direct_rmmse,,48,576,,0.125594321575479,,288,288,,48.0,576,6.0,,,100
Alg2 Basis LMMSE E90,0.9,,,,,,flat_ds1_d64_sf2,520.8333333333334,64,0.0010557134966349962,0.0009923328460337863,0.0010551701706901831,0.0009958337544145068,,1.0000000000000007,,1.0,2,2,2.0,alg2_basis_reduced_support,,48,576,2,0.125594321575479,,288,288,,,,6.0,1,,100
Alg2 Basis LMMSE E95,0.95,,,,,,flat_ds1_d64_sf2,520.8333333333334,64,0.0010557134966349962,0.0009923328460337863,0.0010551701706901831,0.0009958337544145068,,1.0000000000000007,,1.0,2,2,2.0,alg2_basis_reduced_support,,48,576,2,0.125594321575479,,288,288,,,,6.0,1,,100
Alg2 Basis LMMSE E99,0.99,,,,,,flat_ds1_d64_sf2,520.8333333333334,64,0.0010557134966349962,0.0009923328460337863,0.0010551701706901831,0.0009958337544145068,,1.0000000000000007,,1.0,2,2,2.0,alg2_basis_reduced_support,,48,576,2,0.125594321575479,,288,288,,,,6.0,1,,100
Alg2 CoherenceBlock Bc0.9,,,,0.9,17.28,576,flat_ds1_d64_sf2,520.8333333333334,64,0.0010557140068132654,0.0009923346282932853,0.0010551706813113283,0.0009958321407477658,1.0000000000000002,1.0000000000000002,,1.0,2,2,,alg2_coherence_block,1,48,576,,0.125594321575479,,,288,,,,6.0,,,100
Alg3 Port-DMRS RMMSE equal-total,,,,,,,flat_ds1_d64_sf2,520.8333333333334,64,0.001018255358295236,0.0009334829396547119,0.0010173109807537378,0.0009339286226903059,,,,1.0,2,2,,alg3_port_dmrs,,48,576,,0.125594321575479,equal_total_overhead,,288,144,,,6.0,,1.0,100
Alg3 Port-DMRS RMMSE equal-per-port,,,,,,,flat_ds1_d64_sf2,520.8333333333334,64,0.0005589055991788876,0.00047567752286098875,0.0005591945842964606,0.000475068483480462,,,,1.0,2,2,,alg3_port_dmrs,,48,576,,0.125594321575479,equal_per_port_density,,288,288,,,6.0,,2.0,100
Alg1 Direct RMMSE WB 576sc,,,,,,,flat_ds1_d64_sf2,520.8333333333334,64,nan,nan,0.0006233228674175415,0.0005327216197282511,,,CDD-shifted PDP,1.0,2,2,,alg1_direct_rmmse,,48,576,,0.07924465962305567,,288,288,,48.0,576,8.0,,,100
Alg2 Basis LMMSE E90,0.9,,,,,,flat_ds1_d64_sf2,520.8333333333334,64,0.00062439370386536,0.0005323470452171626,0.0006243322506792966,0.0005330692339486148,,1.0000000000000007,,1.0,2,2,2.0,alg2_basis_reduced_support,,48,576,2,0.07924465962305567,,288,288,,,,8.0,1,,100
Alg2 Basis LMMSE E95,0.95,,,,,,flat_ds1_d64_sf2,520.8333333333334,64,0.00062439370386536,0.0005323470452171626,0.0006243322506792966,0.0005330692339486148,,1.0000000000000007,,1.0,2,2,2.0,alg2_basis_reduced_support,,48,576,2,0.07924465962305567,,288,288,,,,8.0,1,,100
Alg2 Basis LMMSE E99,0.99,,,,,,flat_ds1_d64_sf2,520.8333333333334,64,0.00062439370386536,0.0005323470452171626,0.0006243322506792966,0.0005330692339486148,,1.0000000000000007,,1.0,2,2,2.0,alg2_basis_reduced_support,,48,576,2,0.07924465962305567,,288,288,,,,8.0,1,,100
Alg2 CoherenceBlock Bc0.9,,,,0.9,17.28,576,flat_ds1_d64_sf2,520.8333333333334,64,0.0006243939496573581,0.0005323461662869814,0.000624332499786211,0.0005330683905998566,1.0000000000000002,1.0000000000000002,,1.0,2,2,,alg2_coherence_block,1,48,576,,0.07924465962305567,,,288,,,,8.0,,,100
Alg3 Port-DMRS RMMSE equal-total,,,,,,,flat_ds1_d64_sf2,520.8333333333334,64,0.000638560436916244,0.0005535883463877228,0.000638579065604545,0.0005526273320148342,,,,1.0,2,2,,alg3_port_dmrs,,48,576,,0.07924465962305567,equal_total_overhead,,288,144,,,8.0,,1.0,100
Alg3 Port-DMRS RMMSE equal-per-port,,,,,,,flat_ds1_d64_sf2,520.8333333333334,64,0.00034366328467290983,0.0002921776666304019,0.000343503293256486,0.000293961194518647,,,,1.0,2,2,,alg3_port_dmrs,,48,576,,0.07924465962305567,equal_per_port_density,,288,288,,,8.0,,2.0,100
Alg1 Direct RMMSE WB 576sc,,311,87,,,,ds30_d16_sf6,130.20833333333334,16,nan,nan,0.10544976467026185,0.09618086470904003,,,CDD-shifted PDP,30.0,6,2,,alg1_direct_rmmse,,48,576,,1.9905358527674861,,96,96,,48.0,576,-6.0,,,100
Alg2 Basis LMMSE E90,0.9,311,87,,,,ds30_d16_sf6,130.20833333333334,16,0.16114155047404335,0.15076228819397056,0.11692882621084627,0.10808077101200889,,6002204092074.051,,30.0,6,2,4.257352577093582,alg2_basis_reduced_support,,48,576,18,1.9905358527674861,,96,96,,,,-6.0,9,,100
Alg2 Basis LMMSE E95,0.95,311,87,,,,ds30_d16_sf6,130.20833333333334,16,0.14870941751913408,0.13913006243356185,0.10871203500251085,0.10035688343471462,,6004712903261.365,,30.0,6,2,4.656313421061663,alg2_basis_reduced_support,,48,576,24,1.9905358527674861,,96,96,,,,-6.0,12,,100
Alg2 Basis LMMSE E99,0.99,311,87,,,,ds30_d16_sf6,130.20833333333334,16,0.1448497207300974,0.13357374552293327,0.10583891328817621,0.09698799086006948,,6020979474557.117,,30.0,6,2,4.980125406923935,alg2_basis_reduced_support,,48,576,34,1.9905358527674861,,96,96,,,,-6.0,17,,100
Alg2 CoherenceBlock Bc0.9,,311,87,0.9,2.61,87,ds30_d16_sf6,130.20833333333334,16,0.4446583506288967,0.4329723108000262,0.19509475003019003,0.18562822373688215,3.4857149864592136,5.221511189288461,,30.0,6,2,,alg2_coherence_block,7,48,576,,1.9905358527674861,,,96,,,,-6.0,,,100
Alg3 Port-DMRS RMMSE equal-total,,311,87,,,,ds30_d16_sf6,130.20833333333334,16,0.11694907846631217,0.10648957032124703,0.11844526808078366,0.11153099235767848,,,,30.0,6,2,,alg3_port_dmrs,,48,576,,1.9905358527674861,equal_total_overhead,,96,48,,,-6.0,,1.0,100
Alg3 Port-DMRS RMMSE equal-per-port,,311,87,,,,ds30_d16_sf6,130.20833333333334,16,0.07213786590147016,0.06545268782608567,0.0725748046535172,0.06616381433697335,,,,30.0,6,2,,alg3_port_dmrs,,48,576,,1.9905358527674861,equal_per_port_density,,96,96,,,-6.0,,2.0,100
Alg1 Direct RMMSE WB 576sc,,311,87,,,,ds30_d16_sf6,130.20833333333334,16,nan,nan,0.07347866604943101,0.06714128462586129,,,CDD-shifted PDP,30.0,6,2,,alg1_direct_rmmse,,48,576,,1.25594321575479,,96,96,,48.0,576,-4.0,,,100
Alg2 Basis LMMSE E90,0.9,311,87,,,,ds30_d16_sf6,130.20833333333334,16,0.13372689357439113,0.12671757970797984,0.08483643620315938,0.07925086474547137,,6002204092074.051,,30.0,6,2,4.257352577093582,alg2_basis_reduced_support,,48,576,18,1.25594321575479,,96,96,,,,-4.0,9,,100
Alg2 Basis LMMSE E95,0.95,311,87,,,,ds30_d16_sf6,130.20833333333334,16,0.11883727658982725,0.10907338241947948,0.07694779178719324,0.07179304856981872,,6004712903261.365,,30.0,6,2,4.656313421061663,alg2_basis_reduced_support,,48,576,24,1.25594321575479,,96,96,,,,-4.0,12,,100
Alg2 Basis LMMSE E99,0.99,311,87,,,,ds30_d16_sf6,130.20833333333334,16,0.11371272622847899,0.10483275533530229,0.07394540031728689,0.06730147773728114,,6020979474557.117,,30.0,6,2,4.980125406923935,alg2_basis_reduced_support,,48,576,34,1.25594321575479,,96,96,,,,-4.0,17,,100
Alg2 CoherenceBlock Bc0.9,,311,87,0.9,2.61,87,ds30_d16_sf6,130.20833333333334,16,0.38972967100988887,0.3741037415814672,0.13969163447010466,0.13389710520829695,3.4857149864592136,5.221511189288461,,30.0,6,2,,alg2_coherence_block,7,48,576,,1.25594321575479,,,96,,,,-4.0,,,100
Alg3 Port-DMRS RMMSE equal-total,,311,87,,,,ds30_d16_sf6,130.20833333333334,16,0.08315917324328667,0.08078279575193624,0.08360054892307939,0.0817386565806562,,,,30.0,6,2,,alg3_port_dmrs,,48,576,,1.25594321575479,equal_total_overhead,,96,48,,,-4.0,,1.0,100
Alg3 Port-DMRS RMMSE equal-per-port,,311,87,,,,ds30_d16_sf6,130.20833333333334,16,0.049181997362367065,0.045570521174623416,0.05003857849734541,0.04713348693482232,,,,30.0,6,2,,alg3_port_dmrs,,48,576,,1.25594321575479,equal_per_port_density,,96,96,,,-4.0,,2.0,100
Alg1 Direct RMMSE WB 576sc,,311,87,,,,ds30_d16_sf6,130.20833333333334,16,nan,nan,0.0529990263803012,0.05098553630214665,,,CDD-shifted PDP,30.0,6,2,,alg1_direct_rmmse,,48,576,,0.7924465962305568,,96,96,,48.0,576,-2.0,,,100
Alg2 Basis LMMSE E90,0.9,311,87,,,,ds30_d16_sf6,130.20833333333334,16,0.1124812216066516,0.10794778957919032,0.06413389317078591,0.06356805380301395,,6002204092074.051,,30.0,6,2,4.257352577093582,alg2_basis_reduced_support,,48,576,18,0.7924465962305568,,96,96,,,,-2.0,9,,100
Alg2 Basis LMMSE E95,0.95,311,87,,,,ds30_d16_sf6,130.20833333333334,16,0.09938653525243754,0.09588564036657578,0.056515773164720146,0.05533028232541901,,6004712903261.365,,30.0,6,2,4.656313421061663,alg2_basis_reduced_support,,48,576,24,0.7924465962305568,,96,96,,,,-2.0,12,,100
Alg2 Basis LMMSE E99,0.99,311,87,,,,ds30_d16_sf6,130.20833333333334,16,0.09509626752490316,0.09226490995217748,0.05352172209166473,0.05182398506768833,,6020979474557.117,,30.0,6,2,4.980125406923935,alg2_basis_reduced_support,,48,576,34,0.7924465962305568,,96,96,,,,-2.0,17,,100
Alg2 CoherenceBlock Bc0.9,,311,87,0.9,2.61,87,ds30_d16_sf6,130.20833333333334,16,0.34006614525815043,0.3242827141530878,0.1019296354317104,0.09881375654841251,3.4857149864592136,5.221511189288461,,30.0,6,2,,alg2_coherence_block,7,48,576,,0.7924465962305568,,,96,,,,-2.0,,,100
Alg3 Port-DMRS RMMSE equal-total,,311,87,,,,ds30_d16_sf6,130.20833333333334,16,0.06222576149132283,0.05883578973297776,0.06373539797277558,0.06131558200978719,,,,30.0,6,2,,alg3_port_dmrs,,48,576,,0.7924465962305568,equal_total_overhead,,96,48,,,-2.0,,1.0,100
Alg3 Port-DMRS RMMSE equal-per-port,,311,87,,,,ds30_d16_sf6,130.20833333333334,16,0.03490698001195224,0.03226004686665848,0.03452427211393835,0.03419838515671149,,,,30.0,6,2,,alg3_port_dmrs,,48,576,,0.7924465962305568,equal_per_port_density,,96,96,,,-2.0,,2.0,100
Alg1 Direct RMMSE WB 576sc,,311,87,,,,ds30_d16_sf6,130.20833333333334,16,nan,nan,0.030992968528715015,0.02837359477279154,,,CDD-shifted PDP,30.0,6,2,,alg1_direct_rmmse,,48,576,,0.5,,96,96,,48.0,576,0.0,,,100
Alg2 Basis LMMSE E90,0.9,311,87,,,,ds30_d16_sf6,130.20833333333334,16,0.09027893772440343,0.08770788213782865,0.04230135805557049,0.0398685759913794,,6002204092074.051,,30.0,6,2,4.257352577093582,alg2_basis_reduced_support,,48,576,18,0.5,,96,96,,,,0.0,9,,100
Alg2 Basis LMMSE E95,0.95,311,87,,,,ds30_d16_sf6,130.20833333333334,16,0.07564209077351969,0.0713372419459967,0.035003299105687696,0.03355784714064505,,6004712903261.365,,30.0,6,2,4.656313421061663,alg2_basis_reduced_support,,48,576,24,0.5,,96,96,,,,0.0,12,,100
Alg2 Basis LMMSE E99,0.99,311,87,,,,ds30_d16_sf6,130.20833333333334,16,0.06892808824542072,0.06623119022361995,0.031622624463541665,0.029672745260733047,,6020979474557.117,,30.0,6,2,4.980125406923935,alg2_basis_reduced_support,,48,576,34,0.5,,96,96,,,,0.0,17,,100
Alg2 CoherenceBlock Bc0.9,,311,87,0.9,2.61,87,ds30_d16_sf6,130.20833333333334,16,0.27554305553684494,0.266479568674995,0.06287962961404264,0.061812135330257964,3.4857149864592136,5.221511189288461,,30.0,6,2,,alg2_coherence_block,7,48,576,,0.5,,,96,,,,0.0,,,100
Alg3 Port-DMRS RMMSE equal-total,,311,87,,,,ds30_d16_sf6,130.20833333333334,16,0.03934971209010309,0.03712013365858732,0.039385134643906056,0.0376222267174574,,,,30.0,6,2,,alg3_port_dmrs,,48,576,,0.5,equal_total_overhead,,96,48,,,0.0,,1.0,100
Alg3 Port-DMRS RMMSE equal-per-port,,311,87,,,,ds30_d16_sf6,130.20833333333334,16,0.02171326135893399,0.02088522651053906,0.021798697713459225,0.020434410933301346,,,,30.0,6,2,,alg3_port_dmrs,,48,576,,0.5,equal_per_port_density,,96,96,,,0.0,,2.0,100
Alg1 Direct RMMSE WB 576sc,,311,87,,,,ds30_d16_sf6,130.20833333333334,16,nan,nan,0.021961071227011474,0.02040837409887923,,,CDD-shifted PDP,30.0,6,2,,alg1_direct_rmmse,,48,576,,0.3154786722400966,,96,96,,48.0,576,2.0,,,100
Alg2 Basis LMMSE E90,0.9,311,87,,,,ds30_d16_sf6,130.20833333333334,16,0.07888505041721883,0.07165977925966378,0.031734231543877736,0.029274385560439587,,6002204092074.051,,30.0,6,2,4.257352577093582,alg2_basis_reduced_support,,48,576,18,0.3154786722400966,,96,96,,,,2.0,9,,100
Alg2 Basis LMMSE E95,0.95,311,87,,,,ds30_d16_sf6,130.20833333333334,16,0.06534690941412583,0.05949903733030501,0.025872732002042452,0.024209125120181113,,6004712903261.365,,30.0,6,2,4.656313421061663,alg2_basis_reduced_support,,48,576,24,0.3154786722400966,,96,96,,,,2.0,12,,100
Alg2 Basis LMMSE E99,0.99,311,87,,,,ds30_d16_sf6,130.20833333333334,16,0.05967064031619655,0.05521287170531659,0.022854372673124054,0.021186212015330205,,6020979474557.117,,30.0,6,2,4.980125406923935,alg2_basis_reduced_support,,48,576,34,0.3154786722400966,,96,96,,,,2.0,17,,100
Alg2 CoherenceBlock Bc0.9,,311,87,0.9,2.61,87,ds30_d16_sf6,130.20833333333334,16,0.24505387090117225,0.23802688672555172,0.04490734612945785,0.042294722081237524,3.4857149864592136,5.221511189288461,,30.0,6,2,,alg2_coherence_block,7,48,576,,0.3154786722400966,,,96,,,,2.0,,,100
Alg3 Port-DMRS RMMSE equal-total,,311,87,,,,ds30_d16_sf6,130.20833333333334,16,0.026750153264491098,0.0250693834155448,0.026998393015712094,0.024106241130615123,,,,30.0,6,2,,alg3_port_dmrs,,48,576,,0.3154786722400966,equal_total_overhead,,96,48,,,2.0,,1.0,100
Alg3 Port-DMRS RMMSE equal-per-port,,311,87,,,,ds30_d16_sf6,130.20833333333334,16,0.015339030691790823,0.014667754746604408,0.01578871779685308,0.014936866624853948,,,,30.0,6,2,,alg3_port_dmrs,,48,576,,0.3154786722400966,equal_per_port_density,,96,96,,,2.0,,2.0,100
Alg1 Direct RMMSE WB 576sc,,311,87,,,,ds30_d16_sf6,130.20833333333334,16,nan,nan,0.014797765257221063,0.01362261058545234,,,CDD-shifted PDP,30.0,6,2,,alg1_direct_rmmse,,48,576,,0.1990535852767486,,96,96,,48.0,576,4.0,,,100
Alg2 Basis LMMSE E90,0.9,311,87,,,,ds30_d16_sf6,130.20833333333334,16,0.07549134501043783,0.06702447815659218,0.025427466527887414,0.02463632841219094,,6002204092074.051,,30.0,6,2,4.257352577093582,alg2_basis_reduced_support,,48,576,18,0.1990535852767486,,96,96,,,,4.0,9,,100
Alg2 Basis LMMSE E95,0.95,311,87,,,,ds30_d16_sf6,130.20833333333334,16,0.06044352888464724,0.05545329160152461,0.019437351164336467,0.018510480266079227,,6004712903261.365,,30.0,6,2,4.656313421061663,alg2_basis_reduced_support,,48,576,24,0.1990535852767486,,96,96,,,,4.0,12,,100
Alg2 Basis LMMSE E99,0.99,311,87,,,,ds30_d16_sf6,130.20833333333334,16,0.053246393445955685,0.04798683202407121,0.015854684431413576,0.014737826269136195,,6020979474557.117,,30.0,6,2,4.980125406923935,alg2_basis_reduced_support,,48,576,34,0.1990535852767486,,96,96,,,,4.0,17,,100
Alg2 CoherenceBlock Bc0.9,,311,87,0.9,2.61,87,ds30_d16_sf6,130.20833333333334,16,0.22901502302202206,0.21540626232493004,0.03145284105605884,0.03030566974803295,3.4857149864592136,5.221511189288461,,30.0,6,2,,alg2_coherence_block,7,48,576,,0.1990535852767486,,,96,,,,4.0,,,100
Alg3 Port-DMRS RMMSE equal-total,,311,87,,,,ds30_d16_sf6,130.20833333333334,16,0.01898475512102012,0.017991585097437413,0.019174862065436563,0.016631682257582152,,,,30.0,6,2,,alg3_port_dmrs,,48,576,,0.1990535852767486,equal_total_overhead,,96,48,,,4.0,,1.0,100
Alg3 Port-DMRS RMMSE equal-per-port,,311,87,,,,ds30_d16_sf6,130.20833333333334,16,0.01040177710006679,0.009641217989882135,0.010100392098497992,0.009789993844737957,,,,30.0,6,2,,alg3_port_dmrs,,48,576,,0.1990535852767486,equal_per_port_density,,96,96,,,4.0,,2.0,100
Alg1 Direct RMMSE WB 576sc,,311,87,,,,ds30_d16_sf6,130.20833333333334,16,nan,nan,0.009886924077252848,0.009490149738723369,,,CDD-shifted PDP,30.0,6,2,,alg1_direct_rmmse,,48,576,,0.125594321575479,,96,96,,48.0,576,6.0,,,100
Alg2 Basis LMMSE E90,0.9,311,87,,,,ds30_d16_sf6,130.20833333333334,16,0.06806936265396732,0.060781330637332244,0.020007077534493996,0.018574670274894532,,6002204092074.051,,30.0,6,2,4.257352577093582,alg2_basis_reduced_support,,48,576,18,0.125594321575479,,96,96,,,,6.0,9,,100
Alg2 Basis LMMSE E95,0.95,311,87,,,,ds30_d16_sf6,130.20833333333334,16,0.05227622427339312,0.046102508163892233,0.014476214518564876,0.013997751113658344,,6004712903261.365,,30.0,6,2,4.656313421061663,alg2_basis_reduced_support,,48,576,24,0.125594321575479,,96,96,,,,6.0,12,,100
Alg2 Basis LMMSE E99,0.99,311,87,,,,ds30_d16_sf6,130.20833333333334,16,0.044561430319498795,0.040741409612398166,0.010918290641656116,0.010486039624888428,,6020979474557.117,,30.0,6,2,4.980125406923935,alg2_basis_reduced_support,,48,576,34,0.125594321575479,,96,96,,,,6.0,17,,100
Alg2 CoherenceBlock Bc0.9,,311,87,0.9,2.61,87,ds30_d16_sf6,130.20833333333334,16,0.2050502148694784,0.20055518517384,0.021145123651833277,0.020269260373225656,3.4857149864592136,5.221511189288461,,30.0,6,2,,alg2_coherence_block,7,48,576,,0.125594321575479,,,96,,,,6.0,,,100
Alg3 Port-DMRS RMMSE equal-total,,311,87,,,,ds30_d16_sf6,130.20833333333334,16,0.012663400853697685,0.012025250450588488,0.012587428566214759,0.01191916111991491,,,,30.0,6,2,,alg3_port_dmrs,,48,576,,0.125594321575479,equal_total_overhead,,96,48,,,6.0,,1.0,100
Alg3 Port-DMRS RMMSE equal-per-port,,311,87,,,,ds30_d16_sf6,130.20833333333334,16,0.007095971627417272,0.006745273124616978,0.007017439909820577,0.006679309017503356,,,,30.0,6,2,,alg3_port_dmrs,,48,576,,0.125594321575479,equal_per_port_density,,96,96,,,6.0,,2.0,100
Alg1 Direct RMMSE WB 576sc,,311,87,,,,ds30_d16_sf6,130.20833333333334,16,nan,nan,0.007045837177932659,0.006911288152148991,,,CDD-shifted PDP,30.0,6,2,,alg1_direct_rmmse,,48,576,,0.07924465962305567,,96,96,,48.0,576,8.0,,,100
Alg2 Basis LMMSE E90,0.9,311,87,,,,ds30_d16_sf6,130.20833333333334,16,0.07493503033855156,0.07173737631124266,0.017546474569148388,0.017005190059337337,,6002204092074.051,,30.0,6,2,4.257352577093582,alg2_basis_reduced_support,,48,576,18,0.07924465962305567,,96,96,,,,8.0,9,,100
Alg2 Basis LMMSE E95,0.95,311,87,,,,ds30_d16_sf6,130.20833333333334,16,0.05627251961952318,0.05134999836652409,0.011883666554853657,0.011538976468307668,,6004712903261.365,,30.0,6,2,4.656313421061663,alg2_basis_reduced_support,,48,576,24,0.07924465962305567,,96,96,,,,8.0,12,,100
Alg2 Basis LMMSE E99,0.99,311,87,,,,ds30_d16_sf6,130.20833333333334,16,0.048823158125792084,0.04640270478159886,0.008203069354938463,0.007867274469803313,,6020979474557.117,,30.0,6,2,4.980125406923935,alg2_basis_reduced_support,,48,576,34,0.07924465962305567,,96,96,,,,8.0,17,,100
Alg2 CoherenceBlock Bc0.9,,311,87,0.9,2.61,87,ds30_d16_sf6,130.20833333333334,16,0.21580642086162044,0.21746322126487452,0.016145537667624096,0.01590232545862675,3.4857149864592136,5.221511189288461,,30.0,6,2,,alg2_coherence_block,7,48,576,,0.07924465962305567,,,96,,,,8.0,,,100
Alg3 Port-DMRS RMMSE equal-total,,311,87,,,,ds30_d16_sf6,130.20833333333334,16,0.00920922428706765,0.009366801148550026,0.0091580336377079,0.008660364795512153,,,,30.0,6,2,,alg3_port_dmrs,,48,576,,0.07924465962305567,equal_total_overhead,,96,48,,,8.0,,1.0,100
Alg3 Port-DMRS RMMSE equal-per-port,,311,87,,,,ds30_d16_sf6,130.20833333333334,16,0.005201299958860877,0.005089127520018247,0.0052898104026543775,0.005094285176096249,,,,30.0,6,2,,alg3_port_dmrs,,48,576,,0.07924465962305567,equal_per_port_density,,96,96,,,8.0,,2.0,100
Alg1 Direct RMMSE WB 576sc,,311,87,,,,ds30_d32_sf6,260.4166666666667,32,nan,nan,0.12074959607094046,0.11412114929716452,,,CDD-shifted PDP,30.0,6,2,,alg1_direct_rmmse,,48,576,,1.9905358527674861,,96,96,,48.0,576,-6.0,,,100
Alg2 Basis LMMSE E90,0.9,311,87,,,,ds30_d32_sf6,260.4166666666667,32,0.1475496095369806,0.14128009222567878,0.14286860628123543,0.1399033068783675,,16543646540.404442,,30.0,6,2,4.449887610507725,alg2_basis_reduced_support,,48,576,18,1.9905358527674861,,96,96,,,,-6.0,9,,100
Alg2 Basis LMMSE E95,0.95,311,87,,,,ds30_d32_sf6,260.4166666666667,32,0.132689883350437,0.12756725871250674,0.12841395122727473,0.11980477546779415,,5970689187408.663,,30.0,6,2,5.000630523128774,alg2_basis_reduced_support,,48,576,24,1.9905358527674861,,96,96,,,,-6.0,12,,100
Alg2 Basis LMMSE E99,0.99,311,87,,,,ds30_d32_sf6,260.4166666666667,32,0.12592303278620132,0.11984952047525288,0.12156291203724338,0.11441549567501155,,5972582325109.997,,30.0,6,2,5.601128675217133,alg2_basis_reduced_support,,48,576,34,1.9905358527674861,,96,96,,,,-6.0,17,,100
Alg2 CoherenceBlock Bc0.9,,311,87,0.9,2.61,87,ds30_d32_sf6,260.4166666666667,32,0.3114411276503042,0.29729206160606036,0.2360957339161516,0.22882923738269678,1.6717374969812766,2.556256865553344,,30.0,6,2,,alg2_coherence_block,7,48,576,,1.9905358527674861,,,96,,,,-6.0,,,100
Alg3 Port-DMRS RMMSE equal-total,,311,87,,,,ds30_d32_sf6,260.4166666666667,32,0.11645133425890036,0.10725284515989673,0.11643667895213557,0.10567295866433148,,,,30.0,6,2,,alg3_port_dmrs,,48,576,,1.9905358527674861,equal_total_overhead,,96,48,,,-6.0,,1.0,100
Alg3 Port-DMRS RMMSE equal-per-port,,311,87,,,,ds30_d32_sf6,260.4166666666667,32,0.07225335818039821,0.06852894103571387,0.07209233521727035,0.06845702574038459,,,,30.0,6,2,,alg3_port_dmrs,,48,576,,1.9905358527674861,equal_per_port_density,,96,96,,,-6.0,,2.0,100
Alg1 Direct RMMSE WB 576sc,,311,87,,,,ds30_d32_sf6,260.4166666666667,32,nan,nan,0.08596451614172937,0.07983890466396627,,,CDD-shifted PDP,30.0,6,2,,alg1_direct_rmmse,,48,576,,1.25594321575479,,96,96,,48.0,576,-4.0,,,100
Alg2 Basis LMMSE E90,0.9,311,87,,,,ds30_d32_sf6,260.4166666666667,32,0.1110141515371214,0.10113388357389302,0.1070681983103057,0.09724866714190608,,16543646540.404442,,30.0,6,2,4.449887610507725,alg2_basis_reduced_support,,48,576,18,1.25594321575479,,96,96,,,,-4.0,9,,100
Alg2 Basis LMMSE E95,0.95,311,87,,,,ds30_d32_sf6,260.4166666666667,32,0.09742652841823374,0.08903522700815958,0.09398703089153222,0.08652832106220495,,5970689187408.663,,30.0,6,2,5.000630523128774,alg2_basis_reduced_support,,48,576,24,1.25594321575479,,96,96,,,,-4.0,12,,100
Alg2 Basis LMMSE E99,0.99,311,87,,,,ds30_d32_sf6,260.4166666666667,32,0.09065697206166169,0.08290670900913166,0.08716134749916636,0.08051453338314508,,5972582325109.997,,30.0,6,2,5.601128675217133,alg2_basis_reduced_support,,48,576,34,1.25594321575479,,96,96,,,,-4.0,17,,100
Alg2 CoherenceBlock Bc0.9,,311,87,0.9,2.61,87,ds30_d32_sf6,260.4166666666667,32,0.24427704590994018,0.23687193873454968,0.17028356907463393,0.16477660904830135,1.6717374969812766,2.556256865553344,,30.0,6,2,,alg2_coherence_block,7,48,576,,1.25594321575479,,,96,,,,-4.0,,,100
Alg3 Port-DMRS RMMSE equal-total,,311,87,,,,ds30_d32_sf6,260.4166666666667,32,0.08617139664072271,0.08202299229115666,0.08619651339365211,0.08019309422388948,,,,30.0,6,2,,alg3_port_dmrs,,48,576,,1.25594321575479,equal_total_overhead,,96,48,,,-4.0,,1.0,100
Alg3 Port-DMRS RMMSE equal-per-port,,311,87,,,,ds30_d32_sf6,260.4166666666667,32,0.049991561445609935,0.0461418820691444,0.049907540225183136,0.04604863316120568,,,,30.0,6,2,,alg3_port_dmrs,,48,576,,1.25594321575479,equal_per_port_density,,96,96,,,-4.0,,2.0,100
Alg1 Direct RMMSE WB 576sc,,311,87,,,,ds30_d32_sf6,260.4166666666667,32,nan,nan,0.055690952287902835,0.05418958351308782,,,CDD-shifted PDP,30.0,6,2,,alg1_direct_rmmse,,48,576,,0.7924465962305568,,96,96,,48.0,576,-2.0,,,100
Alg2 Basis LMMSE E90,0.9,311,87,,,,ds30_d32_sf6,260.4166666666667,32,0.08217238344279477,0.08339689471381297,0.07780001968619284,0.0783221701514238,,16543646540.404442,,30.0,6,2,4.449887610507725,alg2_basis_reduced_support,,48,576,18,0.7924465962305568,,96,96,,,,-2.0,9,,100
Alg2 Basis LMMSE E95,0.95,311,87,,,,ds30_d32_sf6,260.4166666666667,32,0.06840286578472912,0.06787296827180891,0.06445371613331564,0.06369988321792192,,5970689187408.663,,30.0,6,2,5.000630523128774,alg2_basis_reduced_support,,48,576,24,0.7924465962305568,,96,96,,,,-2.0,12,,100
Alg2 Basis LMMSE E99,0.99,311,87,,,,ds30_d32_sf6,260.4166666666667,32,0.0605896652759594,0.0586302428019736,0.05698257695262072,0.05494565108239975,,5972582325109.997,,30.0,6,2,5.601128675217133,alg2_basis_reduced_support,,48,576,34,0.7924465962305568,,96,96,,,,-2.0,17,,100
Alg2 CoherenceBlock Bc0.9,,311,87,0.9,2.61,87,ds30_d32_sf6,260.4166666666667,32,0.18071402257911046,0.1724196279851746,0.11228038586005856,0.10990284215011828,1.6717374969812766,2.556256865553344,,30.0,6,2,,alg2_coherence_block,7,48,576,,0.7924465962305568,,,96,,,,-2.0,,,100
Alg3 Port-DMRS RMMSE equal-total,,311,87,,,,ds30_d32_sf6,260.4166666666667,32,0.05778152638674317,0.055247848792810486,0.05759003355876551,0.05659478212747504,,,,30.0,6,2,,alg3_port_dmrs,,48,576,,0.7924465962305568,equal_total_overhead,,96,48,,,-2.0,,1.0,100
Alg3 Port-DMRS RMMSE equal-per-port,,311,87,,,,ds30_d32_sf6,260.4166666666667,32,0.033261771403516854,0.0322326417629184,0.033250894157952876,0.031150428516255692,,,,30.0,6,2,,alg3_port_dmrs,,48,576,,0.7924465962305568,equal_per_port_density,,96,96,,,-2.0,,2.0,100
Alg1 Direct RMMSE WB 576sc,,311,87,,,,ds30_d32_sf6,260.4166666666667,32,nan,nan,0.04057973166624377,0.040392242680840545,,,CDD-shifted PDP,30.0,6,2,,alg1_direct_rmmse,,48,576,,0.5,,96,96,,48.0,576,0.0,,,100
Alg2 Basis LMMSE E90,0.9,311,87,,,,ds30_d32_sf6,260.4166666666667,32,0.0683451847864061,0.06832600731067545,0.0640216333619237,0.06361456278025943,,16543646540.404442,,30.0,6,2,4.449887610507725,alg2_basis_reduced_support,,48,576,18,0.5,,96,96,,,,0.0,9,,100
Alg2 Basis LMMSE E95,0.95,311,87,,,,ds30_d32_sf6,260.4166666666667,32,0.053820665507843944,0.05444358050995551,0.050037969768313435,0.050343843024349424,,5970689187408.663,,30.0,6,2,5.000630523128774,alg2_basis_reduced_support,,48,576,24,0.5,,96,96,,,,0.0,12,,100
Alg2 Basis LMMSE E99,0.99,311,87,,,,ds30_d32_sf6,260.4166666666667,32,0.045542881652886065,0.04578437249122084,0.04215697388010562,0.04170415332458631,,5972582325109.997,,30.0,6,2,5.601128675217133,alg2_basis_reduced_support,,48,576,34,0.5,,96,96,,,,0.0,17,,100
Alg2 CoherenceBlock Bc0.9,,311,87,0.9,2.61,87,ds30_d32_sf6,260.4166666666667,32,0.14753040312720406,0.14740316022964384,0.08157035662470151,0.07874931989365153,1.6717374969812766,2.556256865553344,,30.0,6,2,,alg2_coherence_block,7,48,576,,0.5,,,96,,,,0.0,,,100
Alg3 Port-DMRS RMMSE equal-total,,311,87,,,,ds30_d32_sf6,260.4166666666667,32,0.042934749984709794,0.04130537012161389,0.042725029528446506,0.04093335080397004,,,,30.0,6,2,,alg3_port_dmrs,,48,576,,0.5,equal_total_overhead,,96,48,,,0.0,,1.0,100
Alg3 Port-DMRS RMMSE equal-per-port,,311,87,,,,ds30_d32_sf6,260.4166666666667,32,0.0235278374214215,0.023185132866186613,0.023520277295803648,0.0228332222942536,,,,30.0,6,2,,alg3_port_dmrs,,48,576,,0.5,equal_per_port_density,,96,96,,,0.0,,2.0,100
Alg1 Direct RMMSE WB 576sc,,311,87,,,,ds30_d32_sf6,260.4166666666667,32,nan,nan,0.028196156931598885,0.027845989508145916,,,CDD-shifted PDP,30.0,6,2,,alg1_direct_rmmse,,48,576,,0.3154786722400966,,96,96,,48.0,576,2.0,,,100
Alg2 Basis LMMSE E90,0.9,311,87,,,,ds30_d32_sf6,260.4166666666667,32,0.055999595188432644,0.05331142621051034,0.05150362137857534,0.04851224671116974,,16543646540.404442,,30.0,6,2,4.449887610507725,alg2_basis_reduced_support,,48,576,18,0.3154786722400966,,96,96,,,,2.0,9,,100
Alg2 Basis LMMSE E95,0.95,311,87,,,,ds30_d32_sf6,260.4166666666667,32,0.04186516414595113,0.040339737733668085,0.03765229046263941,0.035749754766689484,,5970689187408.663,,30.0,6,2,5.000630523128774,alg2_basis_reduced_support,,48,576,24,0.3154786722400966,,96,96,,,,2.0,12,,100
Alg2 Basis LMMSE E99,0.99,311,87,,,,ds30_d32_sf6,260.4166666666667,32,0.03329086291598232,0.032068241754323816,0.029851711754534542,0.02902474292444419,,5972582325109.997,,30.0,6,2,5.601128675217133,alg2_basis_reduced_support,,48,576,34,0.3154786722400966,,96,96,,,,2.0,17,,100
Alg2 CoherenceBlock Bc0.9,,311,87,0.9,2.61,87,ds30_d32_sf6,260.4166666666667,32,0.12222796713814009,0.1203553544156137,0.057672101023074934,0.05847616304513417,1.6717374969812766,2.556256865553344,,30.0,6,2,,alg2_coherence_block,7,48,576,,0.3154786722400966,,,96,,,,2.0,,,100
Alg3 Port-DMRS RMMSE equal-total,,311,87,,,,ds30_d32_sf6,260.4166666666667,32,0.02924034386452282,0.02894948216001074,0.029131177160775564,0.028228237995603346,,,,30.0,6,2,,alg3_port_dmrs,,48,576,,0.3154786722400966,equal_total_overhead,,96,48,,,2.0,,1.0,100
Alg3 Port-DMRS RMMSE equal-per-port,,311,87,,,,ds30_d32_sf6,260.4166666666667,32,0.016325439401301794,0.0160978608840579,0.016356104512370136,0.016165023242823588,,,,30.0,6,2,,alg3_port_dmrs,,48,576,,0.3154786722400966,equal_per_port_density,,96,96,,,2.0,,2.0,100
Alg1 Direct RMMSE WB 576sc,,311,87,,,,ds30_d32_sf6,260.4166666666667,32,nan,nan,0.01906633814179011,0.018016850035758526,,,CDD-shifted PDP,30.0,6,2,,alg1_direct_rmmse,,48,576,,0.1990535852767486,,96,96,,48.0,576,4.0,,,100
Alg2 Basis LMMSE E90,0.9,311,87,,,,ds30_d32_sf6,260.4166666666667,32,0.045244183433559695,0.04376558350840477,0.04056875012173456,0.04076886197033046,,16543646540.404442,,30.0,6,2,4.449887610507725,alg2_basis_reduced_support,,48,576,18,0.1990535852767486,,96,96,,,,4.0,9,,100
Alg2 Basis LMMSE E95,0.95,311,87,,,,ds30_d32_sf6,260.4166666666667,32,0.032172692043463715,0.029935883325667698,0.02809554322637283,0.02638420934542164,,5970689187408.663,,30.0,6,2,5.000630523128774,alg2_basis_reduced_support,,48,576,24,0.1990535852767486,,96,96,,,,4.0,12,,100
Alg2 Basis LMMSE E99,0.99,311,87,,,,ds30_d32_sf6,260.4166666666667,32,0.02416459057214395,0.0219916499930139,0.02088399928433511,0.01907055757059104,,5972582325109.997,,30.0,6,2,5.601128675217133,alg2_basis_reduced_support,,48,576,34,0.1990535852767486,,96,96,,,,4.0,17,,100
Alg2 CoherenceBlock Bc0.9,,311,87,0.9,2.61,87,ds30_d32_sf6,260.4166666666667,32,0.1019797984033041,0.09821550323993572,0.04105405627740933,0.039877086404057085,1.6717374969812766,2.556256865553344,,30.0,6,2,,alg2_coherence_block,7,48,576,,0.1990535852767486,,,96,,,,4.0,,,100
Alg3 Port-DMRS RMMSE equal-total,,311,87,,,,ds30_d32_sf6,260.4166666666667,32,0.02065493847737407,0.01985156597682909,0.020509972224062735,0.019573888731122677,,,,30.0,6,2,,alg3_port_dmrs,,48,576,,0.1990535852767486,equal_total_overhead,,96,48,,,4.0,,1.0,100
Alg3 Port-DMRS RMMSE equal-per-port,,311,87,,,,ds30_d32_sf6,260.4166666666667,32,0.011046900436706497,0.00967981310151993,0.01109781685002626,0.009944820598727321,,,,30.0,6,2,,alg3_port_dmrs,,48,576,,0.1990535852767486,equal_per_port_density,,96,96,,,4.0,,2.0,100
Alg1 Direct RMMSE WB 576sc,,311,87,,,,ds30_d32_sf6,260.4166666666667,32,nan,nan,0.012540770921795312,0.012275161179111586,,,CDD-shifted PDP,30.0,6,2,,alg1_direct_rmmse,,48,576,,0.125594321575479,,96,96,,48.0,576,6.0,,,100
Alg2 Basis LMMSE E90,0.9,311,87,,,,ds30_d32_sf6,260.4166666666667,32,0.04099756350571861,0.04104029246893932,0.03599940754352498,0.0344871438880426,,16543646540.404442,,30.0,6,2,4.449887610507725,alg2_basis_reduced_support,,48,576,18,0.125594321575479,,96,96,,,,6.0,9,,100
Alg2 Basis LMMSE E95,0.95,311,87,,,,ds30_d32_sf6,260.4166666666667,32,0.02567238532896332,0.025048208613874995,0.02171953021166181,0.021407621803228905,,5970689187408.663,,30.0,6,2,5.000630523128774,alg2_basis_reduced_support,,48,576,24,0.125594321575479,,96,96,,,,6.0,12,,100
Alg2 Basis LMMSE E99,0.99,311,87,,,,ds30_d32_sf6,260.4166666666667,32,0.01740506362769622,0.016892299130916555,0.01445842941520269,0.014161517769129071,,5972582325109.997,,30.0,6,2,5.601128675217133,alg2_basis_reduced_support,,48,576,34,0.125594321575479,,96,96,,,,6.0,17,,100
Alg2 CoherenceBlock Bc0.9,,311,87,0.9,2.61,87,ds30_d32_sf6,260.4166666666667,32,0.09009424960176382,0.08603908379229647,0.030302317750470206,0.02943918536767435,1.6717374969812766,2.556256865553344,,30.0,6,2,,alg2_coherence_block,7,48,576,,0.125594321575479,,,96,,,,6.0,,,100
Alg3 Port-DMRS RMMSE equal-total,,311,87,,,,ds30_d32_sf6,260.4166666666667,32,0.013529171475647132,0.012769379162807803,0.013512546946704151,0.012394343495452424,,,,30.0,6,2,,alg3_port_dmrs,,48,576,,0.125594321575479,equal_total_overhead,,96,48,,,6.0,,1.0,100
Alg3 Port-DMRS RMMSE equal-per-port,,311,87,,,,ds30_d32_sf6,260.4166666666667,32,0.0073298958748786395,0.0069083107145483415,0.007277809890750914,0.006971789854118051,,,,30.0,6,2,,alg3_port_dmrs,,48,576,,0.125594321575479,equal_per_port_density,,96,96,,,6.0,,2.0,100
Alg1 Direct RMMSE WB 576sc,,311,87,,,,ds30_d32_sf6,260.4166666666667,32,nan,nan,0.008594739760584218,0.008169791191834499,,,CDD-shifted PDP,30.0,6,2,,alg1_direct_rmmse,,48,576,,0.07924465962305567,,96,96,,48.0,576,8.0,,,100
Alg2 Basis LMMSE E90,0.9,311,87,,,,ds30_d32_sf6,260.4166666666667,32,0.035937595762510495,0.03444095361413231,0.030975271546037172,0.028896100360196474,,16543646540.404442,,30.0,6,2,4.449887610507725,alg2_basis_reduced_support,,48,576,18,0.07924465962305567,,96,96,,,,8.0,9,,100
Alg2 Basis LMMSE E95,0.95,311,87,,,,ds30_d32_sf6,260.4166666666667,32,0.021878521463625546,0.020536166501942024,0.017667148399971255,0.016777803205550935,,5970689187408.663,,30.0,6,2,5.000630523128774,alg2_basis_reduced_support,,48,576,24,0.07924465962305567,,96,96,,,,8.0,12,,100
Alg2 Basis LMMSE E99,0.99,311,87,,,,ds30_d32_sf6,260.4166666666667,32,0.013520487939443215,0.012967263401218829,0.01055156172411019,0.010172614594831271,,5972582325109.997,,30.0,6,2,5.601128675217133,alg2_basis_reduced_support,,48,576,34,0.07924465962305567,,96,96,,,,8.0,17,,100
Alg2 CoherenceBlock Bc0.9,,311,87,0.9,2.61,87,ds30_d32_sf6,260.4166666666667,32,0.07974366640348553,0.08056358070036562,0.02322360496851088,0.02254868462165221,1.6717374969812766,2.556256865553344,,30.0,6,2,,alg2_coherence_block,7,48,576,,0.07924465962305567,,,96,,,,8.0,,,100
Alg3 Port-DMRS RMMSE equal-total,,311,87,,,,ds30_d32_sf6,260.4166666666667,32,0.009078476548031159,0.008582134865558328,0.009040107312538632,0.008382259596313774,,,,30.0,6,2,,alg3_port_dmrs,,48,576,,0.07924465962305567,equal_total_overhead,,96,48,,,8.0,,1.0,100
Alg3 Port-DMRS RMMSE equal-per-port,,311,87,,,,ds30_d32_sf6,260.4166666666667,32,0.0048699145917127165,0.004606500399972971,0.004823488103779503,0.004511346697815059,,,,30.0,6,2,,alg3_port_dmrs,,48,576,,0.07924465962305567,equal_per_port_density,,96,96,,,8.0,,2.0,100
Alg1 Direct RMMSE WB 576sc,,93,26,,,,ds100_d16_sf6,130.20833333333334,16,nan,nan,0.1692316980243751,0.16177009006236043,,,CDD-shifted PDP,100.0,6,2,,alg1_direct_rmmse,,48,576,,1.9905358527674861,,96,96,,48.0,576,-6.0,,,100
Alg2 Basis LMMSE E90,0.9,93,26,,,,ds100_d16_sf6,130.20833333333334,16,0.4024197753940437,0.3880887931595102,0.18998304424518875,0.17925940198907125,,4868504928767.8545,,100.0,6,2,7.108959292157877,alg2_basis_reduced_support,,48,576,58,1.9905358527674861,,96,96,,,,-6.0,29,,100
Alg2 Basis LMMSE E95,0.95,93,26,,,,ds100_d16_sf6,130.20833333333334,16,0.3898877236802983,0.379921506061416,0.17729109671546023,0.17239027419046815,,4870595285418.248,,100.0,6,2,7.816231215219115,alg2_basis_reduced_support,,48,576,74,1.9905358527674861,,96,96,,,,-6.0,37,,100
Alg2 Basis LMMSE E99,0.99,93,26,,,,ds100_d16_sf6,130.20833333333334,16,0.3824316745474773,0.36931780846576606,0.16979974358644875,0.16223131342697075,,4871019615771.918,,100.0,6,2,9.06151198283449,alg2_basis_reduced_support,,48,576,114,1.9905358527674861,,96,96,,,,-6.0,57,,100
Alg2 CoherenceBlock Bc0.9,,93,26,0.9,0.78,26,ds100_d16_sf6,130.20833333333334,16,0.6752656942510589,0.6713814827912479,0.36836093678468146,0.3675679264602915,11.202277836656082,12.128787361674808,,100.0,6,2,,alg2_coherence_block,23,48,576,,1.9905358527674861,,,96,,,,-6.0,,,100
Alg3 Port-DMRS RMMSE equal-total,,93,26,,,,ds100_d16_sf6,130.20833333333334,16,0.21826707078281235,0.2126111640464463,0.2253420432833809,0.22194384611462484,,,,100.0,6,2,,alg3_port_dmrs,,48,576,,1.9905358527674861,equal_total_overhead,,96,48,,,-6.0,,1.0,100
Alg3 Port-DMRS RMMSE equal-per-port,,93,26,,,,ds100_d16_sf6,130.20833333333334,16,0.14115991037979725,0.1375385855484278,0.1431081944145325,0.13859023354050282,,,,100.0,6,2,,alg3_port_dmrs,,48,576,,1.9905358527674861,equal_per_port_density,,96,96,,,-6.0,,2.0,100
Alg1 Direct RMMSE WB 576sc,,93,26,,,,ds100_d16_sf6,130.20833333333334,16,nan,nan,0.11869639298864859,0.11559563708993088,,,CDD-shifted PDP,100.0,6,2,,alg1_direct_rmmse,,48,576,,1.25594321575479,,96,96,,48.0,576,-4.0,,,100
Alg2 Basis LMMSE E90,0.9,93,26,,,,ds100_d16_sf6,130.20833333333334,16,0.3641236582472167,0.35062965414956526,0.14346141015215558,0.138977769515882,,4868504928767.8545,,100.0,6,2,7.108959292157877,alg2_basis_reduced_support,,48,576,58,1.25594321575479,,96,96,,,,-4.0,29,,100
Alg2 Basis LMMSE E95,0.95,93,26,,,,ds100_d16_sf6,130.20833333333334,16,0.3496235571166722,0.3383648239734053,0.12810175462947113,0.1263613238192507,,4870595285418.248,,100.0,6,2,7.816231215219115,alg2_basis_reduced_support,,48,576,74,1.25594321575479,,96,96,,,,-4.0,37,,100
Alg2 Basis LMMSE E99,0.99,93,26,,,,ds100_d16_sf6,130.20833333333334,16,0.3420692072016703,0.3320160252540608,0.1193216185787697,0.11597026147703471,,4871019615771.918,,100.0,6,2,9.06151198283449,alg2_basis_reduced_support,,48,576,114,1.25594321575479,,96,96,,,,-4.0,57,,100
Alg2 CoherenceBlock Bc0.9,,93,26,0.9,0.78,26,ds100_d16_sf6,130.20833333333334,16,0.6247679280355728,0.62860284748815,0.2725926353829665,0.2682221042193931,11.202277836656082,12.128787361674808,,100.0,6,2,,alg2_coherence_block,23,48,576,,1.25594321575479,,,96,,,,-4.0,,,100
Alg3 Port-DMRS RMMSE equal-total,,93,26,,,,ds100_d16_sf6,130.20833333333334,16,0.16671510556312275,0.16541853786335337,0.17087285131602278,0.16413657447274366,,,,100.0,6,2,,alg3_port_dmrs,,48,576,,1.25594321575479,equal_total_overhead,,96,48,,,-4.0,,1.0,100
Alg3 Port-DMRS RMMSE equal-per-port,,93,26,,,,ds100_d16_sf6,130.20833333333334,16,0.10114400829022217,0.09846737543841022,0.102720993104947,0.09946287051369676,,,,100.0,6,2,,alg3_port_dmrs,,48,576,,1.25594321575479,equal_per_port_density,,96,96,,,-4.0,,2.0,100
Alg1 Direct RMMSE WB 576sc,,93,26,,,,ds100_d16_sf6,130.20833333333334,16,nan,nan,0.08655279864203358,0.08452443903565429,,,CDD-shifted PDP,100.0,6,2,,alg1_direct_rmmse,,48,576,,0.7924465962305568,,96,96,,48.0,576,-2.0,,,100
Alg2 Basis LMMSE E90,0.9,93,26,,,,ds100_d16_sf6,130.20833333333334,16,0.34934067925026746,0.34711310457923555,0.11186995742411542,0.10717232874069724,,4868504928767.8545,,100.0,6,2,7.108959292157877,alg2_basis_reduced_support,,48,576,58,0.7924465962305568,,96,96,,,,-2.0,29,,100
Alg2 Basis LMMSE E95,0.95,93,26,,,,ds100_d16_sf6,130.20833333333334,16,0.3334281025231702,0.32784441551809607,0.09715838084266362,0.0950305600824129,,4870595285418.248,,100.0,6,2,7.816231215219115,alg2_basis_reduced_support,,48,576,74,0.7924465962305568,,96,96,,,,-2.0,37,,100
Alg2 Basis LMMSE E99,0.99,93,26,,,,ds100_d16_sf6,130.20833333333334,16,0.3240734992661311,0.3189688761676708,0.08736644353848767,0.08553320851103284,,4871019615771.918,,100.0,6,2,9.06151198283449,alg2_basis_reduced_support,,48,576,114,0.7924465962305568,,96,96,,,,-2.0,57,,100
Alg2 CoherenceBlock Bc0.9,,93,26,0.9,0.78,26,ds100_d16_sf6,130.20833333333334,16,0.5911745353496651,0.5950495819193602,0.20683200934926205,0.1982910492942901,11.202277836656082,12.128787361674808,,100.0,6,2,,alg2_coherence_block,23,48,576,,0.7924465962305568,,,96,,,,-2.0,,,100
Alg3 Port-DMRS RMMSE equal-total,,93,26,,,,ds100_d16_sf6,130.20833333333334,16,0.12462241741491707,0.11933972554502115,0.12641927698649763,0.1222196366079581,,,,100.0,6,2,,alg3_port_dmrs,,48,576,,0.7924465962305568,equal_total_overhead,,96,48,,,-2.0,,1.0,100
Alg3 Port-DMRS RMMSE equal-per-port,,93,26,,,,ds100_d16_sf6,130.20833333333334,16,0.07284196774629526,0.07004659811978703,0.07397642275496732,0.07032466705649995,,,,100.0,6,2,,alg3_port_dmrs,,48,576,,0.7924465962305568,equal_per_port_density,,96,96,,,-2.0,,2.0,100
Alg1 Direct RMMSE WB 576sc,,93,26,,,,ds100_d16_sf6,130.20833333333334,16,nan,nan,0.05770453913204639,0.05637939837553262,,,CDD-shifted PDP,100.0,6,2,,alg1_direct_rmmse,,48,576,,0.5,,96,96,,48.0,576,0.0,,,100
Alg2 Basis LMMSE E90,0.9,93,26,,,,ds100_d16_sf6,130.20833333333334,16,0.31803958201056837,0.3202172010486697,0.08777568214057468,0.08454715532876324,,4868504928767.8545,,100.0,6,2,7.108959292157877,alg2_basis_reduced_support,,48,576,58,0.5,,96,96,,,,0.0,29,,100
Alg2 Basis LMMSE E95,0.95,93,26,,,,ds100_d16_sf6,130.20833333333334,16,0.30215255066866264,0.30259237501777964,0.07076795595839175,0.06807432727374016,,4870595285418.248,,100.0,6,2,7.816231215219115,alg2_basis_reduced_support,,48,576,74,0.5,,96,96,,,,0.0,37,,100
Alg2 Basis LMMSE E99,0.99,93,26,,,,ds100_d16_sf6,130.20833333333334,16,0.28896474276668005,0.2871935715950108,0.058951803418381375,0.056864565372421,,4871019615771.918,,100.0,6,2,9.06151198283449,alg2_basis_reduced_support,,48,576,114,0.5,,96,96,,,,0.0,57,,100
Alg2 CoherenceBlock Bc0.9,,93,26,0.9,0.78,26,ds100_d16_sf6,130.20833333333334,16,0.5568302899507421,0.5581803265397636,0.14751358021261887,0.1450156056944337,11.202277836656082,12.128787361674808,,100.0,6,2,,alg2_coherence_block,23,48,576,,0.5,,,96,,,,0.0,,,100
Alg3 Port-DMRS RMMSE equal-total,,93,26,,,,ds100_d16_sf6,130.20833333333334,16,0.08520899983140401,0.08338926398186175,0.08546442965282085,0.0855149822716867,,,,100.0,6,2,,alg3_port_dmrs,,48,576,,0.5,equal_total_overhead,,96,48,,,0.0,,1.0,100
Alg3 Port-DMRS RMMSE equal-per-port,,93,26,,,,ds100_d16_sf6,130.20833333333334,16,0.04919105476631286,0.04850379208254392,0.04978581420661883,0.047887954906595975,,,,100.0,6,2,,alg3_port_dmrs,,48,576,,0.5,equal_per_port_density,,96,96,,,0.0,,2.0,100
Alg1 Direct RMMSE WB 576sc,,93,26,,,,ds100_d16_sf6,130.20833333333334,16,nan,nan,0.03908120248668545,0.03897328902477773,,,CDD-shifted PDP,100.0,6,2,,alg1_direct_rmmse,,48,576,,0.3154786722400966,,96,96,,48.0,576,2.0,,,100
Alg2 Basis LMMSE E90,0.9,93,26,,,,ds100_d16_sf6,130.20833333333334,16,0.30700195512598155,0.29838011748154913,0.07117131388473856,0.06872721520717107,,4868504928767.8545,,100.0,6,2,7.108959292157877,alg2_basis_reduced_support,,48,576,58,0.3154786722400966,,96,96,,,,2.0,29,,100
Alg2 Basis LMMSE E95,0.95,93,26,,,,ds100_d16_sf6,130.20833333333334,16,0.28757348289686163,0.27966791154923965,0.053548678753533425,0.05222809312133802,,4870595285418.248,,100.0,6,2,7.816231215219115,alg2_basis_reduced_support,,48,576,74,0.3154786722400966,,96,96,,,,2.0,37,,100
Alg2 Basis LMMSE E99,0.99,93,26,,,,ds100_d16_sf6,130.20833333333334,16,0.2736565790871222,0.26617270062980325,0.04059570610350413,0.04048925722208846,,4871019615771.918,,100.0,6,2,9.06151198283449,alg2_basis_reduced_support,,48,576,114,0.3154786722400966,,96,96,,,,2.0,57,,100
Alg2 CoherenceBlock Bc0.9,,93,26,0.9,0.78,26,ds100_d16_sf6,130.20833333333334,16,0.5292120895153304,0.5300725865299365,0.10731881046598098,0.10626146911120157,11.202277836656082,12.128787361674808,,100.0,6,2,,alg2_coherence_block,23,48,576,,0.3154786722400966,,,96,,,,2.0,,,100
Alg3 Port-DMRS RMMSE equal-total,,93,26,,,,ds100_d16_sf6,130.20833333333334,16,0.059989916384054896,0.05795223411571112,0.059355626862743295,0.05720661675807943,,,,100.0,6,2,,alg3_port_dmrs,,48,576,,0.3154786722400966,equal_total_overhead,,96,48,,,2.0,,1.0,100
Alg3 Port-DMRS RMMSE equal-per-port,,93,26,,,,ds100_d16_sf6,130.20833333333334,16,0.03334638078999531,0.032489653844401084,0.0337931766403726,0.03260831527922353,,,,100.0,6,2,,alg3_port_dmrs,,48,576,,0.3154786722400966,equal_per_port_density,,96,96,,,2.0,,2.0,100
Alg1 Direct RMMSE WB 576sc,,93,26,,,,ds100_d16_sf6,130.20833333333334,16,nan,nan,0.02735126187305449,0.026109296369968563,,,CDD-shifted PDP,100.0,6,2,,alg1_direct_rmmse,,48,576,,0.1990535852767486,,96,96,,48.0,576,4.0,,,100
Alg2 Basis LMMSE E90,0.9,93,26,,,,ds100_d16_sf6,130.20833333333334,16,0.3095561502422381,0.30069514495050287,0.06040117273418621,0.05883923546499683,,4868504928767.8545,,100.0,6,2,7.108959292157877,alg2_basis_reduced_support,,48,576,58,0.1990535852767486,,96,96,,,,4.0,29,,100
Alg2 Basis LMMSE E95,0.95,93,26,,,,ds100_d16_sf6,130.20833333333334,16,0.2887838901420428,0.28859412247601673,0.04342529673818858,0.04292842074178081,,4870595285418.248,,100.0,6,2,7.816231215219115,alg2_basis_reduced_support,,48,576,74,0.1990535852767486,,96,96,,,,4.0,37,,100
Alg2 Basis LMMSE E99,0.99,93,26,,,,ds100_d16_sf6,130.20833333333334,16,0.2732288717967354,0.2783771833335116,0.029488697004310296,0.02860272490289733,,4871019615771.918,,100.0,6,2,9.06151198283449,alg2_basis_reduced_support,,48,576,114,0.1990535852767486,,96,96,,,,4.0,57,,100
Alg2 CoherenceBlock Bc0.9,,93,26,0.9,0.78,26,ds100_d16_sf6,130.20833333333334,16,0.5323057153463213,0.52955771017755,0.08054530269905916,0.0794884612732222,11.202277836656082,12.128787361674808,,100.0,6,2,,alg2_coherence_block,23,48,576,,0.1990535852767486,,,96,,,,4.0,,,100
Alg3 Port-DMRS RMMSE equal-total,,93,26,,,,ds100_d16_sf6,130.20833333333334,16,0.04162078343120699,0.040958584273209475,0.04250025059413849,0.040841251265137796,,,,100.0,6,2,,alg3_port_dmrs,,48,576,,0.1990535852767486,equal_total_overhead,,96,48,,,4.0,,1.0,100
Alg3 Port-DMRS RMMSE equal-per-port,,93,26,,,,ds100_d16_sf6,130.20833333333334,16,0.02415020014854274,0.023775604043934813,0.024585286224277993,0.024167125796571046,,,,100.0,6,2,,alg3_port_dmrs,,48,576,,0.1990535852767486,equal_per_port_density,,96,96,,,4.0,,2.0,100
Alg1 Direct RMMSE WB 576sc,,93,26,,,,ds100_d16_sf6,130.20833333333334,16,nan,nan,0.017685640983791114,0.016814974116175777,,,CDD-shifted PDP,100.0,6,2,,alg1_direct_rmmse,,48,576,,0.125594321575479,,96,96,,48.0,576,6.0,,,100
Alg2 Basis LMMSE E90,0.9,93,26,,,,ds100_d16_sf6,130.20833333333334,16,0.3008122166565498,0.2962100091609108,0.05205453837057608,0.05093678154892951,,4868504928767.8545,,100.0,6,2,7.108959292157877,alg2_basis_reduced_support,,48,576,58,0.125594321575479,,96,96,,,,6.0,29,,100
Alg2 Basis LMMSE E95,0.95,93,26,,,,ds100_d16_sf6,130.20833333333334,16,0.2795290921247234,0.27831045333619336,0.03455392442458142,0.033572679326200616,,4870595285418.248,,100.0,6,2,7.816231215219115,alg2_basis_reduced_support,,48,576,74,0.125594321575479,,96,96,,,,6.0,37,,100
Alg2 Basis LMMSE E99,0.99,93,26,,,,ds100_d16_sf6,130.20833333333334,16,0.26272103611979486,0.2623722125474526,0.019986095886295532,0.01906943808228634,,4871019615771.918,,100.0,6,2,9.06151198283449,alg2_basis_reduced_support,,48,576,114,0.125594321575479,,96,96,,,,6.0,57,,100
Alg2 CoherenceBlock Bc0.9,,93,26,0.9,0.78,26,ds100_d16_sf6,130.20833333333334,16,0.5466388373372234,0.5538835966558944,0.058069504785640304,0.05572463561465656,11.202277836656082,12.128787361674808,,100.0,6,2,,alg2_coherence_block,23,48,576,,0.125594321575479,,,96,,,,6.0,,,100
Alg3 Port-DMRS RMMSE equal-total,,93,26,,,,ds100_d16_sf6,130.20833333333334,16,0.028238218911624872,0.027616288997183658,0.02870347496048848,0.0283752724847858,,,,100.0,6,2,,alg3_port_dmrs,,48,576,,0.125594321575479,equal_total_overhead,,96,48,,,6.0,,1.0,100
Alg3 Port-DMRS RMMSE equal-per-port,,93,26,,,,ds100_d16_sf6,130.20833333333334,16,0.0155579533930594,0.015637620293783627,0.01568692257329248,0.015384865448676777,,,,100.0,6,2,,alg3_port_dmrs,,48,576,,0.125594321575479,equal_per_port_density,,96,96,,,6.0,,2.0,100
Alg1 Direct RMMSE WB 576sc,,93,26,,,,ds100_d16_sf6,130.20833333333334,16,nan,nan,0.01219080217192719,0.012055909248513026,,,CDD-shifted PDP,100.0,6,2,,alg1_direct_rmmse,,48,576,,0.07924465962305567,,96,96,,48.0,576,8.0,,,100
Alg2 Basis LMMSE E90,0.9,93,26,,,,ds100_d16_sf6,130.20833333333334,16,0.2998905949197392,0.28908669898345085,0.04603561664096716,0.04432272175956052,,4868504928767.8545,,100.0,6,2,7.108959292157877,alg2_basis_reduced_support,,48,576,58,0.07924465962305567,,96,96,,,,8.0,29,,100
Alg2 Basis LMMSE E95,0.95,93,26,,,,ds100_d16_sf6,130.20833333333334,16,0.2785545479560487,0.27665589802799573,0.029950377370212212,0.02937892189309116,,4870595285418.248,,100.0,6,2,7.816231215219115,alg2_basis_reduced_support,,48,576,74,0.07924465962305567,,96,96,,,,8.0,37,,100
Alg2 Basis LMMSE E99,0.99,93,26,,,,ds100_d16_sf6,130.20833333333334,16,0.260555255637809,0.25667252258707246,0.014738196433116557,0.014559610357487937,,4871019615771.918,,100.0,6,2,9.06151198283449,alg2_basis_reduced_support,,48,576,114,0.07924465962305567,,96,96,,,,8.0,57,,100
Alg2 CoherenceBlock Bc0.9,,93,26,0.9,0.78,26,ds100_d16_sf6,130.20833333333334,16,0.5928781178258944,0.5820548148382064,0.04353657220703397,0.04229364147027073,11.202277836656082,12.128787361674808,,100.0,6,2,,alg2_coherence_block,23,48,576,,0.07924465962305567,,,96,,,,8.0,,,100
Alg3 Port-DMRS RMMSE equal-total,,93,26,,,,ds100_d16_sf6,130.20833333333334,16,0.01979511023919643,0.018995312386896328,0.019925016952576098,0.01895958996760209,,,,100.0,6,2,,alg3_port_dmrs,,48,576,,0.07924465962305567,equal_total_overhead,,96,48,,,8.0,,1.0,100
Alg3 Port-DMRS RMMSE equal-per-port,,93,26,,,,ds100_d16_sf6,130.20833333333334,16,0.010918867262967001,0.01071682083270659,0.011110830627798834,0.01076047200492268,,,,100.0,6,2,,alg3_port_dmrs,,48,576,,0.07924465962305567,equal_per_port_density,,96,96,,,8.0,,2.0,100
Alg1 Direct RMMSE WB 576sc,,93,26,,,,ds100_d32_sf6,260.4166666666667,32,nan,nan,0.1917890826281293,0.18612307760374489,,,CDD-shifted PDP,100.0,6,2,,alg1_direct_rmmse,,48,576,,1.9905358527674861,,96,96,,48.0,576,-6.0,,,100
Alg2 Basis LMMSE E90,0.9,93,26,,,,ds100_d32_sf6,260.4166666666667,32,0.2881338988584197,0.2788205135203238,0.20587573263497116,0.2021870804702392,,4290211562820.0415,,100.0,6,2,9.28308357266004,alg2_basis_reduced_support,,48,576,58,1.9905358527674861,,96,96,,,,-6.0,29,,100
Alg2 Basis LMMSE E95,0.95,93,26,,,,ds100_d32_sf6,260.4166666666667,32,0.2758617404232735,0.2699146582675731,0.19688349175870892,0.19193701000632546,,4390804650977.662,,100.0,6,2,10.004025020014105,alg2_basis_reduced_support,,48,576,74,1.9905358527674861,,96,96,,,,-6.0,37,,100
Alg2 Basis LMMSE E99,0.99,93,26,,,,ds100_d32_sf6,260.4166666666667,32,0.2695071703296222,0.26597663611247047,0.1920570384731141,0.18660300657542833,,4430128729269.439,,100.0,6,2,11.184010801402852,alg2_basis_reduced_support,,48,576,114,1.9905358527674861,,96,96,,,,-6.0,57,,100
Alg2 CoherenceBlock Bc0.9,,93,26,0.9,0.78,26,ds100_d32_sf6,260.4166666666667,32,0.6523158456094912,0.6470088397615401,0.3781817965050701,0.37310722177484384,5.571384758115573,6.0366542891815,,100.0,6,2,,alg2_coherence_block,23,48,576,,1.9905358527674861,,,96,,,,-6.0,,,100
Alg3 Port-DMRS RMMSE equal-total,,93,26,,,,ds100_d32_sf6,260.4166666666667,32,0.22381227174545526,0.2140261404240434,0.2235283552877814,0.21264891686537168,,,,100.0,6,2,,alg3_port_dmrs,,48,576,,1.9905358527674861,equal_total_overhead,,96,48,,,-6.0,,1.0,100
Alg3 Port-DMRS RMMSE equal-per-port,,93,26,,,,ds100_d32_sf6,260.4166666666667,32,0.14196798663888532,0.139047956659897,0.13928469739814048,0.13553650245833232,,,,100.0,6,2,,alg3_port_dmrs,,48,576,,1.9905358527674861,equal_per_port_density,,96,96,,,-6.0,,2.0,100
Alg1 Direct RMMSE WB 576sc,,93,26,,,,ds100_d32_sf6,260.4166666666667,32,nan,nan,0.14074085402948217,0.13372321267312973,,,CDD-shifted PDP,100.0,6,2,,alg1_direct_rmmse,,48,576,,1.25594321575479,,96,96,,48.0,576,-4.0,,,100
Alg2 Basis LMMSE E90,0.9,93,26,,,,ds100_d32_sf6,260.4166666666667,32,0.2489316255489288,0.24062638464826586,0.1592940062443953,0.1538636005034002,,4290211562820.0415,,100.0,6,2,9.28308357266004,alg2_basis_reduced_support,,48,576,58,1.25594321575479,,96,96,,,,-4.0,29,,100
Alg2 Basis LMMSE E95,0.95,93,26,,,,ds100_d32_sf6,260.4166666666667,32,0.23518726835892753,0.22233553284480803,0.14803345200964332,0.1397807337262566,,4390804650977.662,,100.0,6,2,10.004025020014105,alg2_basis_reduced_support,,48,576,74,1.25594321575479,,96,96,,,,-4.0,37,,100
Alg2 Basis LMMSE E99,0.99,93,26,,,,ds100_d32_sf6,260.4166666666667,32,0.227209781529791,0.21556465413753312,0.14115261568498955,0.13374972554585884,,4430128729269.439,,100.0,6,2,11.184010801402852,alg2_basis_reduced_support,,48,576,114,1.25594321575479,,96,96,,,,-4.0,57,,100
Alg2 CoherenceBlock Bc0.9,,93,26,0.9,0.78,26,ds100_d32_sf6,260.4166666666667,32,0.6041719349593464,0.6072913947987121,0.2873764024812242,0.2891244334546383,5.571384758115573,6.0366542891815,,100.0,6,2,,alg2_coherence_block,23,48,576,,1.25594321575479,,,96,,,,-4.0,,,100
Alg3 Port-DMRS RMMSE equal-total,,93,26,,,,ds100_d32_sf6,260.4166666666667,32,0.16349623595438537,0.16255284997093783,0.1667987222665148,0.1609947771159895,,,,100.0,6,2,,alg3_port_dmrs,,48,576,,1.25594321575479,equal_total_overhead,,96,48,,,-4.0,,1.0,100
Alg3 Port-DMRS RMMSE equal-per-port,,93,26,,,,ds100_d32_sf6,260.4166666666667,32,0.1008716079412542,0.09956464371640836,0.10225360617442936,0.09976595507528907,,,,100.0,6,2,,alg3_port_dmrs,,48,576,,1.25594321575479,equal_per_port_density,,96,96,,,-4.0,,2.0,100
Alg1 Direct RMMSE WB 576sc,,93,26,,,,ds100_d32_sf6,260.4166666666667,32,nan,nan,0.09359230040041959,0.09023399918691363,,,CDD-shifted PDP,100.0,6,2,,alg1_direct_rmmse,,48,576,,0.7924465962305568,,96,96,,48.0,576,-2.0,,,100
Alg2 Basis LMMSE E90,0.9,93,26,,,,ds100_d32_sf6,260.4166666666667,32,0.19862449777856003,0.19189899102792604,0.11326208790560102,0.10773398893428565,,4290211562820.0415,,100.0,6,2,9.28308357266004,alg2_basis_reduced_support,,48,576,58,0.7924465962305568,,96,96,,,,-2.0,29,,100
Alg2 Basis LMMSE E95,0.95,93,26,,,,ds100_d32_sf6,260.4166666666667,32,0.1847851529986853,0.18017987659055457,0.10198739689550618,0.09852988971410445,,4390804650977.662,,100.0,6,2,10.004025020014105,alg2_basis_reduced_support,,48,576,74,0.7924465962305568,,96,96,,,,-2.0,37,,100
Alg2 Basis LMMSE E99,0.99,93,26,,,,ds100_d32_sf6,260.4166666666667,32,0.1758013872304266,0.17143159206855638,0.09418015697698096,0.09060235017950918,,4430128729269.439,,100.0,6,2,11.184010801402852,alg2_basis_reduced_support,,48,576,114,0.7924465962305568,,96,96,,,,-2.0,57,,100
Alg2 CoherenceBlock Bc0.9,,93,26,0.9,0.78,26,ds100_d32_sf6,260.4166666666667,32,0.541718112483938,0.5392607903501734,0.205651290632543,0.199947570049655,5.571384758115573,6.0366542891815,,100.0,6,2,,alg2_coherence_block,23,48,576,,0.7924465962305568,,,96,,,,-2.0,,,100
Alg3 Port-DMRS RMMSE equal-total,,93,26,,,,ds100_d32_sf6,260.4166666666667,32,0.11538676855102795,0.11319428373630055,0.1169883720689242,0.11622744283270427,,,,100.0,6,2,,alg3_port_dmrs,,48,576,,0.7924465962305568,equal_total_overhead,,96,48,,,-2.0,,1.0,100
Alg3 Port-DMRS RMMSE equal-per-port,,93,26,,,,ds100_d32_sf6,260.4166666666667,32,0.06853787750583101,0.06853328359019382,0.06932915925185473,0.06831015332894684,,,,100.0,6,2,,alg3_port_dmrs,,48,576,,0.7924465962305568,equal_per_port_density,,96,96,,,-2.0,,2.0,100
Alg1 Direct RMMSE WB 576sc,,93,26,,,,ds100_d32_sf6,260.4166666666667,32,nan,nan,0.06838313750066626,0.06735674169724593,,,CDD-shifted PDP,100.0,6,2,,alg1_direct_rmmse,,48,576,,0.5,,96,96,,48.0,576,0.0,,,100
Alg2 Basis LMMSE E90,0.9,93,26,,,,ds100_d32_sf6,260.4166666666667,32,0.1817824500344484,0.185292451178673,0.09215645190482054,0.09231346555964828,,4290211562820.0415,,100.0,6,2,9.28308357266004,alg2_basis_reduced_support,,48,576,58,0.5,,96,96,,,,0.0,29,,100
Alg2 Basis LMMSE E95,0.95,93,26,,,,ds100_d32_sf6,260.4166666666667,32,0.16553598187932883,0.16629829051987205,0.07810663335967369,0.07586798873923997,,4390804650977.662,,100.0,6,2,10.004025020014105,alg2_basis_reduced_support,,48,576,74,0.5,,96,96,,,,0.0,37,,100
Alg2 Basis LMMSE E99,0.99,93,26,,,,ds100_d32_sf6,260.4166666666667,32,0.15621562412568374,0.15766540715327293,0.06917301737913027,0.06764671264132394,,4430128729269.439,,100.0,6,2,11.184010801402852,alg2_basis_reduced_support,,48,576,114,0.5,,96,96,,,,0.0,57,,100
Alg2 CoherenceBlock Bc0.9,,93,26,0.9,0.78,26,ds100_d32_sf6,260.4166666666667,32,0.5021684842299998,0.49977984562430267,0.15807858005276468,0.15510992267153823,5.571384758115573,6.0366542891815,,100.0,6,2,,alg2_coherence_block,23,48,576,,0.5,,,96,,,,0.0,,,100
Alg3 Port-DMRS RMMSE equal-total,,93,26,,,,ds100_d32_sf6,260.4166666666667,32,0.08661797326691006,0.08552696549287639,0.08708405217249338,0.08549176169305331,,,,100.0,6,2,,alg3_port_dmrs,,48,576,,0.5,equal_total_overhead,,96,48,,,0.0,,1.0,100
Alg3 Port-DMRS RMMSE equal-per-port,,93,26,,,,ds100_d32_sf6,260.4166666666667,32,0.05079035364883614,0.04940289586069735,0.05136178243451725,0.049913091997754865,,,,100.0,6,2,,alg3_port_dmrs,,48,576,,0.5,equal_per_port_density,,96,96,,,0.0,,2.0,100
Alg1 Direct RMMSE WB 576sc,,93,26,,,,ds100_d32_sf6,260.4166666666667,32,nan,nan,0.04526676255240112,0.04585943114317005,,,CDD-shifted PDP,100.0,6,2,,alg1_direct_rmmse,,48,576,,0.3154786722400966,,96,96,,48.0,576,2.0,,,100
Alg2 Basis LMMSE E90,0.9,93,26,,,,ds100_d32_sf6,260.4166666666667,32,0.16072985218744162,0.15754681813052857,0.0709557416144427,0.07038370867959891,,4290211562820.0415,,100.0,6,2,9.28308357266004,alg2_basis_reduced_support,,48,576,58,0.3154786722400966,,96,96,,,,2.0,29,,100
Alg2 Basis LMMSE E95,0.95,93,26,,,,ds100_d32_sf6,260.4166666666667,32,0.14439174703604157,0.14397386188604688,0.05698298428253877,0.05629088403575935,,4390804650977.662,,100.0,6,2,10.004025020014105,alg2_basis_reduced_support,,48,576,74,0.3154786722400966,,96,96,,,,2.0,37,,100
Alg2 Basis LMMSE E99,0.99,93,26,,,,ds100_d32_sf6,260.4166666666667,32,0.13236486557372895,0.1323247576401005,0.046377409245496694,0.04648047087428307,,4430128729269.439,,100.0,6,2,11.184010801402852,alg2_basis_reduced_support,,48,576,114,0.3154786722400966,,96,96,,,,2.0,57,,100
Alg2 CoherenceBlock Bc0.9,,93,26,0.9,0.78,26,ds100_d32_sf6,260.4166666666667,32,0.4622456137758883,0.4568383312097406,0.1103036373116126,0.10953364190710131,5.571384758115573,6.0366542891815,,100.0,6,2,,alg2_coherence_block,23,48,576,,0.3154786722400966,,,96,,,,2.0,,,100
Alg3 Port-DMRS RMMSE equal-total,,93,26,,,,ds100_d32_sf6,260.4166666666667,32,0.05872637357358263,0.057845045146241114,0.05814586591833446,0.056738313280358554,,,,100.0,6,2,,alg3_port_dmrs,,48,576,,0.3154786722400966,equal_total_overhead,,96,48,,,2.0,,1.0,100
Alg3 Port-DMRS RMMSE equal-per-port,,93,26,,,,ds100_d32_sf6,260.4166666666667,32,0.03394282861714424,0.033028505406145714,0.0341523166793505,0.034236224065068606,,,,100.0,6,2,,alg3_port_dmrs,,48,576,,0.3154786722400966,equal_per_port_density,,96,96,,,2.0,,2.0,100
Alg1 Direct RMMSE WB 576sc,,93,26,,,,ds100_d32_sf6,260.4166666666667,32,nan,nan,0.03082566060871969,0.03056039252019463,,,CDD-shifted PDP,100.0,6,2,,alg1_direct_rmmse,,48,576,,0.1990535852767486,,96,96,,48.0,576,4.0,,,100
Alg2 Basis LMMSE E90,0.9,93,26,,,,ds100_d32_sf6,260.4166666666667,32,0.15371056673749678,0.15089992267971514,0.05688423701520837,0.05410961364388533,,4290211562820.0415,,100.0,6,2,9.28308357266004,alg2_basis_reduced_support,,48,576,58,0.1990535852767486,,96,96,,,,4.0,29,,100
Alg2 Basis LMMSE E95,0.95,93,26,,,,ds100_d32_sf6,260.4166666666667,32,0.13476645873867266,0.13059694372930558,0.04248766233411896,0.03993754843391281,,4390804650977.662,,100.0,6,2,10.004025020014105,alg2_basis_reduced_support,,48,576,74,0.1990535852767486,,96,96,,,,4.0,37,,100
Alg2 Basis LMMSE E99,0.99,93,26,,,,ds100_d32_sf6,260.4166666666667,32,0.12352161427562747,0.11787666303856476,0.03216931576106694,0.03169900686049812,,4430128729269.439,,100.0,6,2,11.184010801402852,alg2_basis_reduced_support,,48,576,114,0.1990535852767486,,96,96,,,,4.0,57,,100
Alg2 CoherenceBlock Bc0.9,,93,26,0.9,0.78,26,ds100_d32_sf6,260.4166666666667,32,0.43829020528424634,0.4390168861818008,0.07819546794218653,0.07635561991701652,5.571384758115573,6.0366542891815,,100.0,6,2,,alg2_coherence_block,23,48,576,,0.1990535852767486,,,96,,,,4.0,,,100
Alg3 Port-DMRS RMMSE equal-total,,93,26,,,,ds100_d32_sf6,260.4166666666667,32,0.041333962868118475,0.04044247687203665,0.04134783616775376,0.03943810912227303,,,,100.0,6,2,,alg3_port_dmrs,,48,576,,0.1990535852767486,equal_total_overhead,,96,48,,,4.0,,1.0,100
Alg3 Port-DMRS RMMSE equal-per-port,,93,26,,,,ds100_d32_sf6,260.4166666666667,32,0.023560496533898165,0.022728513387179433,0.02349831096098755,0.022676012030725907,,,,100.0,6,2,,alg3_port_dmrs,,48,576,,0.1990535852767486,equal_per_port_density,,96,96,,,4.0,,2.0,100
Alg1 Direct RMMSE WB 576sc,,93,26,,,,ds100_d32_sf6,260.4166666666667,32,nan,nan,0.021048169485221008,0.02027537454920327,,,CDD-shifted PDP,100.0,6,2,,alg1_direct_rmmse,,48,576,,0.125594321575479,,96,96,,48.0,576,6.0,,,100
Alg2 Basis LMMSE E90,0.9,93,26,,,,ds100_d32_sf6,260.4166666666667,32,0.14590233981022774,0.14261562548141382,0.0495802854036431,0.047058063292717923,,4290211562820.0415,,100.0,6,2,9.28308357266004,alg2_basis_reduced_support,,48,576,58,0.125594321575479,,96,96,,,,6.0,29,,100
Alg2 Basis LMMSE E95,0.95,93,26,,,,ds100_d32_sf6,260.4166666666667,32,0.12710995696696287,0.12285374726643782,0.03477552490919805,0.033378014387011504,,4390804650977.662,,100.0,6,2,10.004025020014105,alg2_basis_reduced_support,,48,576,74,0.125594321575479,,96,96,,,,6.0,37,,100
Alg2 Basis LMMSE E99,0.99,93,26,,,,ds100_d32_sf6,260.4166666666667,32,0.11333753607176845,0.11138747149208066,0.02296714428193032,0.021766286411189224,,4430128729269.439,,100.0,6,2,11.184010801402852,alg2_basis_reduced_support,,48,576,114,0.125594321575479,,96,96,,,,6.0,57,,100
Alg2 CoherenceBlock Bc0.9,,93,26,0.9,0.78,26,ds100_d32_sf6,260.4166666666667,32,0.43225689052028377,0.42553396689386574,0.057054990611251986,0.056382239317255174,5.571384758115573,6.0366542891815,,100.0,6,2,,alg2_coherence_block,23,48,576,,0.125594321575479,,,96,,,,6.0,,,100
Alg3 Port-DMRS RMMSE equal-total,,93,26,,,,ds100_d32_sf6,260.4166666666667,32,0.02973806424540852,0.029012278776267386,0.02948387886514412,0.028361715905662103,,,,100.0,6,2,,alg3_port_dmrs,,48,576,,0.125594321575479,equal_total_overhead,,96,48,,,6.0,,1.0,100
Alg3 Port-DMRS RMMSE equal-per-port,,93,26,,,,ds100_d32_sf6,260.4166666666667,32,0.016425095353626573,0.015966488160551448,0.016514025535346186,0.015905542075152813,,,,100.0,6,2,,alg3_port_dmrs,,48,576,,0.125594321575479,equal_per_port_density,,96,96,,,6.0,,2.0,100
Alg1 Direct RMMSE WB 576sc,,93,26,,,,ds100_d32_sf6,260.4166666666667,32,nan,nan,0.013866666358450401,0.01327584267611474,,,CDD-shifted PDP,100.0,6,2,,alg1_direct_rmmse,,48,576,,0.07924465962305567,,96,96,,48.0,576,8.0,,,100
Alg2 Basis LMMSE E90,0.9,93,26,,,,ds100_d32_sf6,260.4166666666667,32,0.1410960644532816,0.13611165493502964,0.04095211431133697,0.03916789336410492,,4290211562820.0415,,100.0,6,2,9.28308357266004,alg2_basis_reduced_support,,48,576,58,0.07924465962305567,,96,96,,,,8.0,29,,100
Alg2 Basis LMMSE E95,0.95,93,26,,,,ds100_d32_sf6,260.4166666666667,32,0.12073720084342077,0.10962915272003257,0.02741624293611067,0.026070914061827394,,4390804650977.662,,100.0,6,2,10.004025020014105,alg2_basis_reduced_support,,48,576,74,0.07924465962305567,,96,96,,,,8.0,37,,100
Alg2 Basis LMMSE E99,0.99,93,26,,,,ds100_d32_sf6,260.4166666666667,32,0.10617435100029772,0.09773013407774914,0.015810516244227725,0.015202393775601234,,4430128729269.439,,100.0,6,2,11.184010801402852,alg2_basis_reduced_support,,48,576,114,0.07924465962305567,,96,96,,,,8.0,57,,100
Alg2 CoherenceBlock Bc0.9,,93,26,0.9,0.78,26,ds100_d32_sf6,260.4166666666667,32,0.43436541073555096,0.43077746838994946,0.03836027860804542,0.037654444502454726,5.571384758115573,6.0366542891815,,100.0,6,2,,alg2_coherence_block,23,48,576,,0.07924465962305567,,,96,,,,8.0,,,100
Alg3 Port-DMRS RMMSE equal-total,,93,26,,,,ds100_d32_sf6,260.4166666666667,32,0.01956806800237537,0.019567030429759914,0.019602928648064094,0.019148404115672427,,,,100.0,6,2,,alg3_port_dmrs,,48,576,,0.07924465962305567,equal_total_overhead,,96,48,,,8.0,,1.0,100
Alg3 Port-DMRS RMMSE equal-per-port,,93,26,,,,ds100_d32_sf6,260.4166666666667,32,0.010965906856931582,0.010720735403611972,0.011010925386187089,0.010849867626711442,,,,100.0,6,2,,alg3_port_dmrs,,48,576,,0.07924465962305567,equal_per_port_density,,96,96,,,8.0,,2.0,100
Alg1 Direct RMMSE WB 576sc,,311,87,,,,ds30_d64_sf2,520.8333333333334,64,nan,nan,0.05449148371057779,0.05122351899780455,,,CDD-shifted PDP,30.0,2,2,,alg1_direct_rmmse,,48,576,,1.9905358527674861,,288,288,,48.0,576,-6.0,,,100
Alg2 Basis LMMSE E90,0.9,311,87,,,,ds30_d64_sf2,520.8333333333334,64,0.07855135290348789,0.07600957130114212,0.07765586277198155,0.07476795882481702,,82487529.70488043,,30.0,2,2,4.480933434432168,alg2_basis_reduced_support,,48,576,18,1.9905358527674861,,288,288,,,,-6.0,9,,100
Alg2 Basis LMMSE E95,0.95,311,87,,,,ds30_d64_sf2,520.8333333333334,64,0.06443334057907973,0.061810579488791026,0.0636968879218447,0.06156009454374978,,621387433560.6582,,30.0,2,2,5.0472074438825985,alg2_basis_reduced_support,,48,576,24,1.9905358527674861,,288,288,,,,-6.0,12,,100
Alg2 Basis LMMSE E99,0.99,311,87,,,,ds30_d64_sf2,520.8333333333334,64,0.05650616941806877,0.05339270416357996,0.05586991331454715,0.05340435342275367,,10126399541529.445,,30.0,2,2,5.678947902668566,alg2_basis_reduced_support,,48,576,34,1.9905358527674861,,288,288,,,,-6.0,17,,100
Alg2 CoherenceBlock Bc0.9,,311,87,0.9,2.61,87,ds30_d64_sf2,520.8333333333334,64,0.12907992781581992,0.1230573755476599,0.12388341491084934,0.11897657899013223,1.233767246711926,1.2430779026451355,,30.0,2,2,,alg2_coherence_block,7,48,576,,1.9905358527674861,,,288,,,,-6.0,,,100
Alg3 Port-DMRS RMMSE equal-total,,311,87,,,,ds30_d64_sf2,520.8333333333334,64,0.05307661293755017,0.04940811332607595,0.052832474882244226,0.048871124503777126,,,,30.0,2,2,,alg3_port_dmrs,,48,576,,1.9905358527674861,equal_total_overhead,,288,144,,,-6.0,,1.0,100
Alg3 Port-DMRS RMMSE equal-per-port,,311,87,,,,ds30_d64_sf2,520.8333333333334,64,0.02972633657805696,0.028671063765424873,0.029836670476256343,0.028493220596793427,,,,30.0,2,2,,alg3_port_dmrs,,48,576,,1.9905358527674861,equal_per_port_density,,288,288,,,-6.0,,2.0,100
Alg1 Direct RMMSE WB 576sc,,311,87,,,,ds30_d64_sf2,520.8333333333334,64,nan,nan,0.03810090326497887,0.034797968337811,,,CDD-shifted PDP,30.0,2,2,,alg1_direct_rmmse,,48,576,,1.25594321575479,,288,288,,48.0,576,-4.0,,,100
Alg2 Basis LMMSE E90,0.9,311,87,,,,ds30_d64_sf2,520.8333333333334,64,0.06168365207515621,0.05779495369496094,0.060874464627174836,0.05666285785747377,,82487529.70488043,,30.0,2,2,4.480933434432168,alg2_basis_reduced_support,,48,576,18,1.25594321575479,,288,288,,,,-4.0,9,,100
Alg2 Basis LMMSE E95,0.95,311,87,,,,ds30_d64_sf2,520.8333333333334,64,0.048238482095312334,0.04413337327849255,0.04762733008527872,0.04330832791234179,,621387433560.6582,,30.0,2,2,5.0472074438825985,alg2_basis_reduced_support,,48,576,24,1.25594321575479,,288,288,,,,-4.0,12,,100
Alg2 Basis LMMSE E99,0.99,311,87,,,,ds30_d64_sf2,520.8333333333334,64,0.040385523970360715,0.03687701146469198,0.03982763446751328,0.036129558374066624,,10126399541529.445,,30.0,2,2,5.678947902668566,alg2_basis_reduced_support,,48,576,34,1.25594321575479,,288,288,,,,-4.0,17,,100
Alg2 CoherenceBlock Bc0.9,,311,87,0.9,2.61,87,ds30_d64_sf2,520.8333333333334,64,0.09814948968029695,0.09352417077129799,0.09304371037763634,0.0890015399838277,1.233767246711926,1.2430779026451355,,30.0,2,2,,alg2_coherence_block,7,48,576,,1.25594321575479,,,288,,,,-4.0,,,100
Alg3 Port-DMRS RMMSE equal-total,,311,87,,,,ds30_d64_sf2,520.8333333333334,64,0.03647794954019023,0.034553634618326,0.036553376848694225,0.033965612546103696,,,,30.0,2,2,,alg3_port_dmrs,,48,576,,1.25594321575479,equal_total_overhead,,288,144,,,-4.0,,1.0,100
Alg3 Port-DMRS RMMSE equal-per-port,,311,87,,,,ds30_d64_sf2,520.8333333333334,64,0.02117857036247138,0.019890611360497745,0.021225186150482744,0.020040048244878594,,,,30.0,2,2,,alg3_port_dmrs,,48,576,,1.25594321575479,equal_per_port_density,,288,288,,,-4.0,,2.0,100
Alg1 Direct RMMSE WB 576sc,,311,87,,,,ds30_d64_sf2,520.8333333333334,64,nan,nan,0.024575526504035255,0.022632232510598205,,,CDD-shifted PDP,30.0,2,2,,alg1_direct_rmmse,,48,576,,0.7924465962305568,,288,288,,48.0,576,-2.0,,,100
Alg2 Basis LMMSE E90,0.9,311,87,,,,ds30_d64_sf2,520.8333333333334,64,0.04845344102798847,0.045920129951613715,0.04756996722235247,0.04452136387714477,,82487529.70488043,,30.0,2,2,4.480933434432168,alg2_basis_reduced_support,,48,576,18,0.7924465962305568,,288,288,,,,-2.0,9,,100
Alg2 Basis LMMSE E95,0.95,311,87,,,,ds30_d64_sf2,520.8333333333334,64,0.03485339118592374,0.033370865064683314,0.0341795468862336,0.03264191442532682,,621387433560.6582,,30.0,2,2,5.0472074438825985,alg2_basis_reduced_support,,48,576,24,0.7924465962305568,,288,288,,,,-2.0,12,,100
Alg2 Basis LMMSE E99,0.99,311,87,,,,ds30_d64_sf2,520.8333333333334,64,0.026995185097052475,0.02535986809523952,0.026408747973567185,0.024993292621139064,,10126399541529.445,,30.0,2,2,5.678947902668566,alg2_basis_reduced_support,,48,576,34,0.7924465962305568,,288,288,,,,-2.0,17,,100
Alg2 CoherenceBlock Bc0.9,,311,87,0.9,2.61,87,ds30_d64_sf2,520.8333333333334,64,0.07320198332060769,0.07062545880898444,0.06931706808510688,0.06556261451069614,1.233767246711926,1.2430779026451355,,30.0,2,2,,alg2_coherence_block,7,48,576,,0.7924465962305568,,,288,,,,-2.0,,,100
Alg3 Port-DMRS RMMSE equal-total,,311,87,,,,ds30_d64_sf2,520.8333333333334,64,0.02513626119744129,0.024243887769495893,0.025080009546593666,0.024051845732705808,,,,30.0,2,2,,alg3_port_dmrs,,48,576,,0.7924465962305568,equal_total_overhead,,288,144,,,-2.0,,1.0,100
Alg3 Port-DMRS RMMSE equal-per-port,,311,87,,,,ds30_d64_sf2,520.8333333333334,64,0.013696178989708027,0.013593982753745898,0.013608826842301438,0.013372037121117127,,,,30.0,2,2,,alg3_port_dmrs,,48,576,,0.7924465962305568,equal_per_port_density,,288,288,,,-2.0,,2.0,100
Alg1 Direct RMMSE WB 576sc,,311,87,,,,ds30_d64_sf2,520.8333333333334,64,nan,nan,0.016289317647582943,0.01582456561632252,,,CDD-shifted PDP,30.0,2,2,,alg1_direct_rmmse,,48,576,,0.5,,288,288,,48.0,576,0.0,,,100
Alg2 Basis LMMSE E90,0.9,311,87,,,,ds30_d64_sf2,520.8333333333334,64,0.040667065210813445,0.03862329869305594,0.03977082125748742,0.03782865509661152,,82487529.70488043,,30.0,2,2,4.480933434432168,alg2_basis_reduced_support,,48,576,18,0.5,,288,288,,,,0.0,9,,100
Alg2 Basis LMMSE E95,0.95,311,87,,,,ds30_d64_sf2,520.8333333333334,64,0.026310516758906513,0.024990140741181853,0.025734131819388203,0.024510475694101953,,621387433560.6582,,30.0,2,2,5.0472074438825985,alg2_basis_reduced_support,,48,576,24,0.5,,288,288,,,,0.0,12,,100
Alg2 Basis LMMSE E99,0.99,311,87,,,,ds30_d64_sf2,520.8333333333334,64,0.018802074223084216,0.01765449947799409,0.018390847310522113,0.017605852448894073,,10126399541529.445,,30.0,2,2,5.678947902668566,alg2_basis_reduced_support,,48,576,34,0.5,,288,288,,,,0.0,17,,100
Alg2 CoherenceBlock Bc0.9,,311,87,0.9,2.61,87,ds30_d64_sf2,520.8333333333334,64,0.058902924728335526,0.05704850080578798,0.05506255172949975,0.05432528903174254,1.233767246711926,1.2430779026451355,,30.0,2,2,,alg2_coherence_block,7,48,576,,0.5,,,288,,,,0.0,,,100
Alg3 Port-DMRS RMMSE equal-total,,311,87,,,,ds30_d64_sf2,520.8333333333334,64,0.01696919006926998,0.015314674560906526,0.016927392379023007,0.015321980003470865,,,,30.0,2,2,,alg3_port_dmrs,,48,576,,0.5,equal_total_overhead,,288,144,,,0.0,,1.0,100
Alg3 Port-DMRS RMMSE equal-per-port,,311,87,,,,ds30_d64_sf2,520.8333333333334,64,0.009088983153057208,0.008599742039940558,0.009066528265088898,0.008679287629760144,,,,30.0,2,2,,alg3_port_dmrs,,48,576,,0.5,equal_per_port_density,,288,288,,,0.0,,2.0,100
Alg1 Direct RMMSE WB 576sc,,311,87,,,,ds30_d64_sf2,520.8333333333334,64,nan,nan,0.011517894760705371,0.011010369310995746,,,CDD-shifted PDP,30.0,2,2,,alg1_direct_rmmse,,48,576,,0.3154786722400966,,288,288,,48.0,576,2.0,,,100
Alg2 Basis LMMSE E90,0.9,311,87,,,,ds30_d64_sf2,520.8333333333334,64,0.03581201365866365,0.0324947095293929,0.03504526636705848,0.031644262675266946,,82487529.70488043,,30.0,2,2,4.480933434432168,alg2_basis_reduced_support,,48,576,18,0.3154786722400966,,288,288,,,,2.0,9,,100
Alg2 Basis LMMSE E95,0.95,311,87,,,,ds30_d64_sf2,520.8333333333334,64,0.021954791721119044,0.020600273292773086,0.021431109887013147,0.02019794932827014,,621387433560.6582,,30.0,2,2,5.0472074438825985,alg2_basis_reduced_support,,48,576,24,0.3154786722400966,,288,288,,,,2.0,12,,100
Alg2 Basis LMMSE E99,0.99,311,87,,,,ds30_d64_sf2,520.8333333333334,64,0.01425576175816876,0.01386908947188335,0.013945106360099196,0.013570924234133346,,10126399541529.445,,30.0,2,2,5.678947902668566,alg2_basis_reduced_support,,48,576,34,0.3154786722400966,,288,288,,,,2.0,17,,100
Alg2 CoherenceBlock Bc0.9,,311,87,0.9,2.61,87,ds30_d64_sf2,520.8333333333334,64,0.05024449231252403,0.048152024337701826,0.046695671185048956,0.0448531627953462,1.233767246711926,1.2430779026451355,,30.0,2,2,,alg2_coherence_block,7,48,576,,0.3154786722400966,,,288,,,,2.0,,,100
Alg3 Port-DMRS RMMSE equal-total,,311,87,,,,ds30_d64_sf2,520.8333333333334,64,0.011768392808859092,0.011119949886097925,0.011755013058387602,0.011066203715181754,,,,30.0,2,2,,alg3_port_dmrs,,48,576,,0.3154786722400966,equal_total_overhead,,288,144,,,2.0,,1.0,100
Alg3 Port-DMRS RMMSE equal-per-port,,311,87,,,,ds30_d64_sf2,520.8333333333334,64,0.006265841741221788,0.00602338183643188,0.006258387551791018,0.005990146235238702,,,,30.0,2,2,,alg3_port_dmrs,,48,576,,0.3154786722400966,equal_per_port_density,,288,288,,,2.0,,2.0,100
Alg1 Direct RMMSE WB 576sc,,311,87,,,,ds30_d64_sf2,520.8333333333334,64,nan,nan,0.007666486769958913,0.00733755786643869,,,CDD-shifted PDP,30.0,2,2,,alg1_direct_rmmse,,48,576,,0.1990535852767486,,288,288,,48.0,576,4.0,,,100
Alg2 Basis LMMSE E90,0.9,311,87,,,,ds30_d64_sf2,520.8333333333334,64,0.03058329295802352,0.0285091783307252,0.029751127741758743,0.027762730346047093,,82487529.70488043,,30.0,2,2,4.480933434432168,alg2_basis_reduced_support,,48,576,18,0.1990535852767486,,288,288,,,,4.0,9,,100
Alg2 Basis LMMSE E95,0.95,311,87,,,,ds30_d64_sf2,520.8333333333334,64,0.01716069525768666,0.016237100533924964,0.016635668682935104,0.01601661145371573,,621387433560.6582,,30.0,2,2,5.0472074438825985,alg2_basis_reduced_support,,48,576,24,0.1990535852767486,,288,288,,,,4.0,12,,100
Alg2 Basis LMMSE E99,0.99,311,87,,,,ds30_d64_sf2,520.8333333333334,64,0.010293256405460477,0.009943200013981536,0.009956803781227973,0.009382145617081065,,10126399541529.445,,30.0,2,2,5.678947902668566,alg2_basis_reduced_support,,48,576,34,0.1990535852767486,,288,288,,,,4.0,17,,100
Alg2 CoherenceBlock Bc0.9,,311,87,0.9,2.61,87,ds30_d64_sf2,520.8333333333334,64,0.04473792945834711,0.04160852481392113,0.04145467751998638,0.03841338055821496,1.233767246711926,1.2430779026451355,,30.0,2,2,,alg2_coherence_block,7,48,576,,0.1990535852767486,,,288,,,,4.0,,,100
Alg3 Port-DMRS RMMSE equal-total,,311,87,,,,ds30_d64_sf2,520.8333333333334,64,0.0075295254475875205,0.0073109267921351905,0.007510475712555117,0.007157969000326787,,,,30.0,2,2,,alg3_port_dmrs,,48,576,,0.1990535852767486,equal_total_overhead,,288,144,,,4.0,,1.0,100
Alg3 Port-DMRS RMMSE equal-per-port,,311,87,,,,ds30_d64_sf2,520.8333333333334,64,0.004173377641380613,0.003961123560800984,0.004168050059103606,0.003938510601929429,,,,30.0,2,2,,alg3_port_dmrs,,48,576,,0.1990535852767486,equal_per_port_density,,288,288,,,4.0,,2.0,100
Alg1 Direct RMMSE WB 576sc,,311,87,,,,ds30_d64_sf2,520.8333333333334,64,nan,nan,0.005098789483428905,0.0047378805989521065,,,CDD-shifted PDP,30.0,2,2,,alg1_direct_rmmse,,48,576,,0.125594321575479,,288,288,,48.0,576,6.0,,,100
Alg2 Basis LMMSE E90,0.9,311,87,,,,ds30_d64_sf2,520.8333333333334,64,0.025787348475290336,0.024491680101899796,0.024958989883616285,0.023384751542349022,,82487529.70488043,,30.0,2,2,4.480933434432168,alg2_basis_reduced_support,,48,576,18,0.125594321575479,,288,288,,,,6.0,9,,100
Alg2 Basis LMMSE E95,0.95,311,87,,,,ds30_d64_sf2,520.8333333333334,64,0.01422433978773153,0.01341548214693554,0.013681372205296466,0.013046271966642705,,621387433560.6582,,30.0,2,2,5.0472074438825985,alg2_basis_reduced_support,,48,576,24,0.125594321575479,,288,288,,,,6.0,12,,100
Alg2 Basis LMMSE E99,0.99,311,87,,,,ds30_d64_sf2,520.8333333333334,64,0.007504583422184508,0.0071492669103407885,0.007219483613447461,0.0068158598972728485,,10126399541529.445,,30.0,2,2,5.678947902668566,alg2_basis_reduced_support,,48,576,34,0.125594321575479,,288,288,,,,6.0,17,,100
Alg2 CoherenceBlock Bc0.9,,311,87,0.9,2.61,87,ds30_d64_sf2,520.8333333333334,64,0.03967312234288739,0.039424962724215154,0.03673847447345622,0.03619614390785363,1.233767246711926,1.2430779026451355,,30.0,2,2,,alg2_coherence_block,7,48,576,,0.125594321575479,,,288,,,,6.0,,,100
Alg3 Port-DMRS RMMSE equal-total,,311,87,,,,ds30_d64_sf2,520.8333333333334,64,0.0050602038630731625,0.004746081547227167,0.005070351711175274,0.004744660870719945,,,,30.0,2,2,,alg3_port_dmrs,,48,576,,0.125594321575479,equal_total_overhead,,288,144,,,6.0,,1.0,100
Alg3 Port-DMRS RMMSE equal-per-port,,311,87,,,,ds30_d64_sf2,520.8333333333334,64,0.0026815361055826494,0.0025514289936293616,0.0026917627156696593,0.0025675287339998586,,,,30.0,2,2,,alg3_port_dmrs,,48,576,,0.125594321575479,equal_per_port_density,,288,288,,,6.0,,2.0,100
Alg1 Direct RMMSE WB 576sc,,311,87,,,,ds30_d64_sf2,520.8333333333334,64,nan,nan,0.003433972844835852,0.003294216832561185,,,CDD-shifted PDP,30.0,2,2,,alg1_direct_rmmse,,48,576,,0.07924465962305567,,288,288,,48.0,576,8.0,,,100
Alg2 Basis LMMSE E90,0.9,311,87,,,,ds30_d64_sf2,520.8333333333334,64,0.0236127295596952,0.021481557669007854,0.022802960454805215,0.020714980414705195,,82487529.70488043,,30.0,2,2,4.480933434432168,alg2_basis_reduced_support,,48,576,18,0.07924465962305567,,288,288,,,,8.0,9,,100
Alg2 Basis LMMSE E95,0.95,311,87,,,,ds30_d64_sf2,520.8333333333334,64,0.012855005615791764,0.011043022019553957,0.012286888743683975,0.01085060755453781,,621387433560.6582,,30.0,2,2,5.0472074438825985,alg2_basis_reduced_support,,48,576,24,0.07924465962305567,,288,288,,,,8.0,12,,100
Alg2 Basis LMMSE E99,0.99,311,87,,,,ds30_d64_sf2,520.8333333333334,64,0.006002583917702088,0.0058200199785957436,0.005719149547214781,0.005644756067832949,,10126399541529.445,,30.0,2,2,5.678947902668566,alg2_basis_reduced_support,,48,576,34,0.07924465962305567,,288,288,,,,8.0,17,,100
Alg2 CoherenceBlock Bc0.9,,311,87,0.9,2.61,87,ds30_d64_sf2,520.8333333333334,64,0.03770650220948861,0.035642794724609336,0.03410490438164957,0.03176275358531644,1.233767246711926,1.2430779026451355,,30.0,2,2,,alg2_coherence_block,7,48,576,,0.07924465962305567,,,288,,,,8.0,,,100
Alg3 Port-DMRS RMMSE equal-total,,311,87,,,,ds30_d64_sf2,520.8333333333334,64,0.0035568069774075473,0.003398852560533807,0.003564909855533205,0.003345206163658886,,,,30.0,2,2,,alg3_port_dmrs,,48,576,,0.07924465962305567,equal_total_overhead,,288,144,,,8.0,,1.0,100
Alg3 Port-DMRS RMMSE equal-per-port,,311,87,,,,ds30_d64_sf2,520.8333333333334,64,0.001857811602179754,0.00179810769889204,0.0018560690303186427,0.001794146366349307,,,,30.0,2,2,,alg3_port_dmrs,,48,576,,0.07924465962305567,equal_per_port_density,,288,288,,,8.0,,2.0,100
