algorithm,basis_energy_threshold,bc_g_0p5_sc,bc_g_0p9_sc,bc_h_0p5_sc,bc_h_0p9_sc,bc_threshold,block_width_mhz,block_width_sc,cdd_delay_ns,cdd_delay_samples,ce_nmse_branch_mean,ce_nmse_branch_median,ce_nmse_eff_mean,ce_nmse_eff_median,cond_mean,cond_number,delay_spread_ns,dmrs_overhead_alg1,dmrs_spacing_sc,dmrs_symbols,effective_rank,family,gain_vs_alg1_db,n_blocks,n_prbs,n_sc,n_unknown_taps,overhead_mode,pilot_count,pilot_count_combined,pilot_count_per_port,snr_db,support_len,total_dmrs_re_alg1,total_pilot_re_relative,trials
Alg3 Port-DMRS RMMSE equal-total,,22,10,,,,,,520.8333333333334,64,0.04301025468496125,0.036492928198450195,0.042974617857797506,0.03662595940121392,,,5.0,0.05,4,2,,alg3_port_dmrs,0.7365658456426725,,48,576,,equal_total_overhead,,144,72,-6.0,,288,1.0,50
Alg3 Port-DMRS RMMSE equal-total,,22,10,,,,,,520.8333333333334,64,0.01025191571526332,0.009016045261001016,0.010255149071720706,0.009026063421451826,,,1.0,0.03333333333333333,6,2,,alg3_port_dmrs,0.6730884786791813,,48,576,,equal_total_overhead,,96,48,0.0,,192,1.0,50
Alg3 Port-DMRS RMMSE equal-total,,11,5,,,,,,1041.6666666666667,128,0.029201711803241586,0.024377507107560967,0.02920088128024964,0.024377774353711093,,,1.0,0.05,4,2,,alg3_port_dmrs,0.6308468780733772,,48,576,,equal_total_overhead,,144,72,-6.0,,288,1.0,50
Alg3 Port-DMRS RMMSE equal-total,,11,5,,,,,,1041.6666666666667,128,0.0016211765908521213,0.0014734443585162696,0.0016209926454025022,0.0014753890574723105,,,1.0,0.03333333333333333,6,2,,alg3_port_dmrs,0.5486244884264323,,48,576,,equal_total_overhead,,96,48,8.0,,192,1.0,50
Alg3 Port-DMRS RMMSE equal-total,,6,3,,,,,,2083.3333333333335,256,0.0038232584708481777,0.0034780094527982267,0.0038235360750412074,0.003481041329872114,,,1.0,0.1,2,2,,alg3_port_dmrs,0.46571311873301346,,48,576,,equal_total_overhead,,288,144,0.0,,576,1.0,50
Alg3 Port-DMRS RMMSE equal-total,,11,5,,,,,,1041.6666666666667,128,0.0071038482882508705,0.006507154911417331,0.007100017911413615,0.006502337932887759,,,5.0,0.016666666666666666,12,2,,alg3_port_dmrs,0.44807123486091005,,48,576,,equal_total_overhead,,48,24,8.0,,96,1.0,50
Alg3 Port-DMRS RMMSE equal-total,,22,10,311,87,,,,520.8333333333334,64,0.11191587946214417,0.1069249688954934,0.11207863483347326,0.10707934885442441,,,30.0,0.03333333333333333,6,2,,alg3_port_dmrs,0.44139206601077186,,48,576,,equal_total_overhead,,96,48,-6.0,,192,1.0,50
Alg3 Port-DMRS RMMSE equal-total,,22,10,,267,,,,520.8333333333334,64,0.008514121310848373,0.008287385371103559,0.008500111746851106,0.008199715580382287,,,10.0,0.1,2,2,,alg3_port_dmrs,0.41026223034070003,,48,576,,equal_total_overhead,,288,144,0.0,,576,1.0,50
Alg3 Port-DMRS RMMSE equal-total,,85,37,,267,,,,130.20833333333334,16,0.041551915521802554,0.037470392143794745,0.04071301661334398,0.03704744960370361,,,10.0,0.016666666666666666,12,2,,alg3_port_dmrs,0.3859213592340174,,48,576,,equal_total_overhead,,48,24,0.0,,96,1.0,50
Alg3 Port-DMRS RMMSE equal-total,,43,19,,267,,,,260.4166666666667,32,0.0035727306971135736,0.003152773246812554,0.0035375169163021345,0.003200284472576272,,,10.0,0.05,4,2,,alg3_port_dmrs,0.38100887761692026,,48,576,,equal_total_overhead,,144,72,8.0,,288,1.0,50
Alg3 Port-DMRS RMMSE equal-total,,22,10,,,,,,520.8333333333334,64,0.02320753924033964,0.022444602545088996,0.023203428721107654,0.022441259491413092,,,1.0,0.016666666666666666,12,2,,alg3_port_dmrs,0.38065556269668877,,48,576,,equal_total_overhead,,48,24,0.0,,96,1.0,50
Alg3 Port-DMRS RMMSE equal-total,,11,5,,,,,,1041.6666666666667,128,0.09950503630326478,0.08845812137942202,0.0994010928350985,0.08862805576002848,,,5.0,0.016666666666666666,12,2,,alg3_port_dmrs,0.3748074783111117,,48,576,,equal_total_overhead,,48,24,-6.0,,96,1.0,50
Alg3 Port-DMRS RMMSE equal-total,,11,5,311,87,,,,1041.6666666666667,128,0.19721945620219553,0.18943650114988383,0.19719152592238898,0.18999217947169572,,,30.0,0.016666666666666666,12,2,,alg3_port_dmrs,0.36866309809715836,,48,576,,equal_total_overhead,,48,24,-6.0,,96,1.0,50
Alg3 Port-DMRS RMMSE equal-total,,86,37,,,,,,130.20833333333334,16,0.003811486278488491,0.003052707749122703,0.003827132709378596,0.0029590492456747315,,,1.0,0.1,2,2,,alg3_port_dmrs,0.32939689127027744,,48,576,,equal_total_overhead,,288,144,0.0,,576,1.0,50
Alg3 Port-DMRS RMMSE equal-total,,11,5,,,,,,1041.6666666666667,128,0.012119361082229822,0.011098748696715255,0.012119235355775455,0.011097223240826277,,,1.0,0.03333333333333333,6,2,,alg3_port_dmrs,0.32412815534394124,,48,576,,equal_total_overhead,,96,48,0.0,,192,1.0,50
Alg3 Port-DMRS RMMSE equal-total,,22,10,,,,,,520.8333333333334,64,0.0011737889875965356,0.001060647330328267,0.0011748148401181278,0.001060442151017403,,,1.0,0.05,4,2,,alg3_port_dmrs,0.3127081131652937,,48,576,,equal_total_overhead,,144,72,8.0,,288,1.0,50
Alg3 Port-DMRS RMMSE equal-total,,6,3,,,,,,2083.3333333333335,256,0.029649001471261437,0.025796850610121134,0.029616653190675513,0.025787302136933733,,,5.0,0.016666666666666666,12,2,,alg3_port_dmrs,0.3124644852174293,,48,576,,equal_total_overhead,,48,24,0.0,,96,1.0,50
Alg3 Port-DMRS RMMSE equal-total,,22,10,,267,,,,520.8333333333334,64,0.05642595061295999,0.05257661011268355,0.05658545068728655,0.053022891048666476,,,10.0,0.05,4,2,,alg3_port_dmrs,0.3053959299938665,,48,576,,equal_total_overhead,,144,72,-6.0,,288,1.0,50
Alg3 Port-DMRS RMMSE equal-total,,22,10,,,,,,520.8333333333334,64,0.00789965551105722,0.006957740802232758,0.00789864529376832,0.00694620757496077,,,1.0,0.05,4,2,,alg3_port_dmrs,0.2819986254886929,,48,576,,equal_total_overhead,,144,72,0.0,,288,1.0,50
Alg3 Port-DMRS RMMSE equal-total,,6,3,,267,,,,2083.3333333333335,256,0.00944400076275941,0.008632175279848997,0.009447039162292625,0.008629706303974149,,,10.0,0.1,2,2,,alg3_port_dmrs,0.27753472317764605,,48,576,,equal_total_overhead,,288,144,0.0,,576,1.0,50
Alg3 Port-DMRS RMMSE equal-total,,22,10,,,,,,520.8333333333334,64,0.012163223453946001,0.011312925169730507,0.012161507888774492,0.011301152770013262,,,5.0,0.05,4,2,,alg3_port_dmrs,0.27569523608779184,,48,576,,equal_total_overhead,,144,72,0.0,,288,1.0,50
Alg3 Port-DMRS RMMSE equal-total,,22,10,311,87,,,,520.8333333333334,64,0.0925743655833392,0.09066584722728807,0.0925812383593361,0.09082310559452994,,,30.0,0.05,4,2,,alg3_port_dmrs,0.2627256541989142,,48,576,,equal_total_overhead,,144,72,-6.0,,288,1.0,50
Alg3 Port-DMRS RMMSE equal-total,,6,3,,,,,,2083.3333333333335,256,0.04313914699269408,0.03777469421142687,0.04313940490693298,0.037781622409586296,,,1.0,0.03333333333333333,6,2,,alg3_port_dmrs,0.25494550744258593,,48,576,,equal_total_overhead,,96,48,-6.0,,192,1.0,50
Alg3 Port-DMRS RMMSE equal-total,,11,5,311,87,,,,1041.6666666666667,128,0.031113496318843286,0.029579578427855018,0.031185242718637395,0.029546886826958427,,,30.0,0.05,4,2,,alg3_port_dmrs,0.2543922330286972,,48,576,,equal_total_overhead,,144,72,0.0,,288,1.0,50
Alg3 Port-DMRS RMMSE equal-total,,22,10,,267,,,,520.8333333333334,64,0.0036190415755420267,0.0033898957664307084,0.0036048740047104773,0.0034639110565008774,,,10.0,0.05,4,2,,alg3_port_dmrs,0.24861215156984348,,48,576,,equal_total_overhead,,144,72,8.0,,288,1.0,50
Alg3 Port-DMRS RMMSE equal-total,,11,5,,267,,,,1041.6666666666667,128,0.00904264807543587,0.008172827367239146,0.009032056459482128,0.008129586727309287,,,10.0,0.1,2,2,,alg3_port_dmrs,0.2440547701402423,,48,576,,equal_total_overhead,,288,144,0.0,,576,1.0,50
Alg3 Port-DMRS RMMSE equal-total,,6,3,311,87,,,,2083.3333333333335,256,0.18390192703579797,0.17505710128116958,0.18388642341669198,0.1756573140235697,,,30.0,0.016666666666666666,12,2,,alg3_port_dmrs,0.22127851593667677,,48,576,,equal_total_overhead,,48,24,-6.0,,96,1.0,50
Alg3 Port-DMRS RMMSE equal-total,,11,5,311,87,,,,1041.6666666666667,128,0.11651569930136021,0.11512838416751137,0.11647274453654605,0.11472588730595379,,,30.0,0.03333333333333333,6,2,,alg3_port_dmrs,0.2208802262337468,,48,576,,equal_total_overhead,,96,48,-6.0,,192,1.0,50
Alg3 Port-DMRS RMMSE equal-total,,22,10,,267,,,,520.8333333333334,64,0.07679004627370825,0.07562938737362661,0.07690650557458348,0.0752247260562823,,,10.0,0.03333333333333333,6,2,,alg3_port_dmrs,0.22076962435383887,,48,576,,equal_total_overhead,,96,48,-6.0,,192,1.0,50
Alg3 Port-DMRS RMMSE equal-total,,11,5,,,,,,1041.6666666666667,128,0.023460217284162997,0.02151307100016792,0.02347496701579564,0.021537343909055984,,,5.0,0.1,2,2,,alg3_port_dmrs,0.21776402427730004,,48,576,,equal_total_overhead,,288,144,-6.0,,576,1.0,50
Alg3 Port-DMRS RMMSE equal-total,,6,3,,267,,,,2083.3333333333335,256,0.0020183329413723332,0.0016822193578426266,0.002017537909206988,0.0016779440381876564,,,10.0,0.1,2,2,,alg3_port_dmrs,0.20548237406153966,,48,576,,equal_total_overhead,,288,144,8.0,,576,1.0,50
Alg3 Port-DMRS RMMSE equal-total,,6,3,,267,,,,2083.3333333333335,256,0.03250850997538244,0.030546330747189057,0.03251390904388833,0.03060561246063198,,,10.0,0.1,2,2,,alg3_port_dmrs,0.20400581670066367,,48,576,,equal_total_overhead,,288,144,-6.0,,576,1.0,50
Alg3 Port-DMRS RMMSE equal-total,,6,3,93,26,,,,2083.3333333333335,256,0.21851858543582026,0.212551393107025,0.21832578815151119,0.21321126559030615,,,100.0,0.03333333333333333,6,2,,alg3_port_dmrs,0.20020623258090992,,48,576,,equal_total_overhead,,96,48,-6.0,,192,1.0,50
Alg3 Port-DMRS RMMSE equal-total,,6,3,,,,,,2083.3333333333335,256,0.0076960895930853375,0.007230564517116789,0.007696048823068112,0.007230384892124128,,,1.0,0.05,4,2,,alg3_port_dmrs,0.19757516774939293,,48,576,,equal_total_overhead,,144,72,0.0,,288,1.0,50
Alg3 Port-DMRS RMMSE equal-total,,6,3,,,,,,2083.3333333333335,256,0.002649056920263137,0.0023556815319633953,0.0026479424938761352,0.0023566856344831967,,,5.0,0.05,4,2,,alg3_port_dmrs,0.19610629765388385,,48,576,,equal_total_overhead,,144,72,8.0,,288,1.0,50
Alg3 Port-DMRS RMMSE equal-total,,6,3,,,,,,2083.3333333333335,256,0.05568267335099945,0.04934261960390275,0.05569478532197638,0.04945230343362106,,,5.0,0.03333333333333333,6,2,,alg3_port_dmrs,0.1926789503412863,,48,576,,equal_total_overhead,,96,48,-6.0,,192,1.0,50
Alg3 Port-DMRS RMMSE equal-total,,6,3,311,87,,,,2083.3333333333335,256,0.052268246868485004,0.04930716988905713,0.05227410496994184,0.0493437373440645,,,30.0,0.1,2,2,,alg3_port_dmrs,0.18832017225512715,,48,576,,equal_total_overhead,,288,144,-6.0,,576,1.0,50
Alg3 Port-DMRS RMMSE equal-total,,86,37,,,,,,130.20833333333334,16,0.014642748905709591,0.014252182109955316,0.014527472069180094,0.014353708107402732,,,1.0,0.1,2,2,,alg3_port_dmrs,0.18613883580993004,,48,576,,equal_total_overhead,,288,144,-6.0,,576,1.0,50
Alg3 Port-DMRS RMMSE equal-total,,22,10,311,87,,,,520.8333333333334,64,0.07517002851543367,0.07243957541663507,0.07502837019560415,0.07231774938296674,,,30.0,0.016666666666666666,12,2,,alg3_port_dmrs,0.17752798801773256,,48,576,,equal_total_overhead,,48,24,0.0,,96,1.0,50
Alg3 Port-DMRS RMMSE equal-total,,86,37,,,,,,130.20833333333334,16,0.007465182486145944,0.006874897740062204,0.007447435652224728,0.0067592025909238625,,,1.0,0.05,4,2,,alg3_port_dmrs,0.1761893474162765,,48,576,,equal_total_overhead,,144,72,0.0,,288,1.0,50
Alg3 Port-DMRS RMMSE equal-total,,6,3,,267,,,,2083.3333333333335,256,0.061449713201141606,0.05363208832249832,0.06149798751651343,0.05362995540818276,,,10.0,0.05,4,2,,alg3_port_dmrs,0.17216719453579882,,48,576,,equal_total_overhead,,144,72,-6.0,,288,1.0,50
Alg3 Port-DMRS RMMSE equal-total,,43,19,,,,,,260.4166666666667,32,0.021595412051578805,0.019097299922355516,0.0215190197634874,0.018527237566951453,,,1.0,0.016666666666666666,12,2,,alg3_port_dmrs,0.16947576641755957,,48,576,,equal_total_overhead,,48,24,0.0,,96,1.0,50
Alg3 Port-DMRS RMMSE equal-total,,11,5,,,,,,1041.6666666666667,128,0.012980972108670323,0.012074498453210134,0.012994703986887736,0.012069397275528228,,,5.0,0.05,4,2,,alg3_port_dmrs,0.1620511112682032,,48,576,,equal_total_overhead,,144,72,0.0,,288,1.0,50
Alg3 Port-DMRS RMMSE equal-total,,6,3,311,87,,,,2083.3333333333335,256,0.0030762313549271892,0.0028946635108526636,0.0030798696235042108,0.0028944365403583997,,,30.0,0.1,2,2,,alg3_port_dmrs,0.15988330745261636,,48,576,,equal_total_overhead,,288,144,8.0,,576,1.0,50
Alg3 Port-DMRS RMMSE equal-total,,86,37,,,,,,130.20833333333334,16,0.02358805311492586,0.022692312592870887,0.02373234338720128,0.023761525286625118,,,5.0,0.1,2,2,,alg3_port_dmrs,0.15640120171999505,,48,576,,equal_total_overhead,,288,144,-6.0,,576,1.0,50
Alg3 Port-DMRS RMMSE equal-total,,11,5,,267,,,,1041.6666666666667,128,0.0019635821224620333,0.0017369324654358926,0.0019627084604920035,0.0017500884272409235,,,10.0,0.1,2,2,,alg3_port_dmrs,0.1559442578922689,,48,576,,equal_total_overhead,,288,144,8.0,,576,1.0,50
Alg3 Port-DMRS RMMSE equal-total,,6,3,,,,,,2083.3333333333335,256,0.003788989693892406,0.003397006757407406,0.0037892658429214054,0.0033970607002030352,,,1.0,0.016666666666666666,12,2,,alg3_port_dmrs,0.1464899544115766,,48,576,,equal_total_overhead,,48,24,8.0,,96,1.0,50
Alg3 Port-DMRS RMMSE equal-total,,11,5,311,87,,,,1041.6666666666667,128,0.015861917296554506,0.015803934013112367,0.015908280477533357,0.015825242757094918,,,30.0,0.1,2,2,,alg3_port_dmrs,0.14476483876801952,,48,576,,equal_total_overhead,,288,144,0.0,,576,1.0,50
Alg3 Port-DMRS RMMSE equal-total,,11,5,,,,,,1041.6666666666667,128,0.0011749429776872977,0.0010843666646701512,0.001174582013376718,0.0010830582687936289,,,1.0,0.05,4,2,,alg3_port_dmrs,0.14043752253915676,,48,576,,equal_total_overhead,,144,72,8.0,,288,1.0,50
Alg3 Port-DMRS RMMSE equal-total,,11,5,,267,,,,1041.6666666666667,128,0.07242320584983716,0.06570270111551701,0.07242695994477553,0.06565806803929647,,,10.0,0.03333333333333333,6,2,,alg3_port_dmrs,0.13852452707642993,,48,576,,equal_total_overhead,,96,48,-6.0,,192,1.0,50
Alg3 Port-DMRS RMMSE equal-total,,6,3,,,,,,2083.3333333333335,256,0.0013043723277837973,0.0012117000293414481,0.0013046866607217462,0.0012117038569447519,,,1.0,0.05,4,2,,alg3_port_dmrs,0.13667964954868797,,48,576,,equal_total_overhead,,144,72,8.0,,288,1.0,50
Alg3 Port-DMRS RMMSE equal-total,,22,10,,,,,,520.8333333333334,64,0.01676409356985486,0.014805425506131259,0.016761745604116675,0.014805839663151587,,,1.0,0.1,2,2,,alg3_port_dmrs,0.12935527294817784,,48,576,,equal_total_overhead,,288,144,-6.0,,576,1.0,50
Alg3 Port-DMRS RMMSE equal-total,,6,3,93,26,,,,2083.3333333333335,256,0.013979999665900841,0.013824484601015928,0.013994277082506935,0.01386007841716097,,,100.0,0.05,4,2,,alg3_port_dmrs,0.12241033414871179,,48,576,,equal_total_overhead,,144,72,8.0,,288,1.0,50
Alg3 Port-DMRS RMMSE equal-total,,11,5,,267,,,,1041.6666666666667,128,0.01751032049606225,0.01694022539081045,0.01748872793647275,0.016900266212557257,,,10.0,0.05,4,2,,alg3_port_dmrs,0.12021778342712876,,48,576,,equal_total_overhead,,144,72,0.0,,288,1.0,50
Alg3 Port-DMRS RMMSE equal-total,,6,3,,267,,,,2083.3333333333335,256,0.017161472264679945,0.015981565553541757,0.01715851507822629,0.01601603444385958,,,10.0,0.05,4,2,,alg3_port_dmrs,0.11988939624150677,,48,576,,equal_total_overhead,,144,72,0.0,,288,1.0,50
Alg3 Port-DMRS RMMSE equal-total,,11,5,,,,,,1041.6666666666667,128,0.03986606471272988,0.03616699508841728,0.03979586159918171,0.03619645800536897,,,5.0,0.05,4,2,,alg3_port_dmrs,0.11665159198594388,,48,576,,equal_total_overhead,,144,72,-6.0,,288,1.0,50
Alg3 Port-DMRS RMMSE equal-total,,6,3,,,,,,2083.3333333333335,256,0.013777472815988252,0.012501320293858142,0.013778306881436952,0.012495736663670536,,,1.0,0.1,2,2,,alg3_port_dmrs,0.11511408957648851,,48,576,,equal_total_overhead,,288,144,-6.0,,576,1.0,50
Alg3 Port-DMRS RMMSE equal-total,,11,5,,,,,,1041.6666666666667,128,0.00255717718899927,0.0020270136843147267,0.002560635966156078,0.002014364169919091,,,5.0,0.05,4,2,,alg3_port_dmrs,0.11291805688935391,,48,576,,equal_total_overhead,,144,72,8.0,,288,1.0,50
Alg3 Port-DMRS RMMSE equal-total,,43,18,311,87,,,,260.4166666666667,32,0.040721474546639866,0.03883707081436594,0.04062849393144483,0.039119343735291356,,,30.0,0.03333333333333333,6,2,,alg3_port_dmrs,0.10570422027981011,,48,576,,equal_total_overhead,,96,48,0.0,,192,1.0,50
Alg3 Port-DMRS RMMSE equal-total,,86,37,,,,,,130.20833333333334,16,0.012661397712201488,0.010490306448804596,0.012589565220179367,0.010422237556630555,,,1.0,0.03333333333333333,6,2,,alg3_port_dmrs,0.10450885237210311,,48,576,,equal_total_overhead,,96,48,0.0,,192,1.0,50
Alg3 Port-DMRS RMMSE equal-total,,11,5,,,,,,1041.6666666666667,128,0.003403479765703799,0.0028992560219662823,0.0034033794006253343,0.0028965232978020857,,,1.0,0.1,2,2,,alg3_port_dmrs,0.10226468765135657,,48,576,,equal_total_overhead,,288,144,0.0,,576,1.0,50
Alg3 Port-DMRS RMMSE equal-total,,21,9,93,26,,,,520.8333333333334,64,0.333522083995192,0.3374464199774454,0.33254945357247395,0.3370614819532783,,,100.0,0.016666666666666666,12,2,,alg3_port_dmrs,0.1019125728119301,,48,576,,equal_total_overhead,,48,24,-6.0,,96,1.0,50
Alg3 Port-DMRS RMMSE equal-total,,43,19,,,,,,260.4166666666667,32,0.032179600693393755,0.025576601665212806,0.03198493666115753,0.02546064287220664,,,1.0,0.05,4,2,,alg3_port_dmrs,0.09961241876738769,,48,576,,equal_total_overhead,,144,72,-6.0,,288,1.0,50
Alg3 Port-DMRS RMMSE equal-total,,43,19,,,,,,260.4166666666667,32,0.023130540915984463,0.021420820115695488,0.023262248470213992,0.021515221763907653,,,5.0,0.1,2,2,,alg3_port_dmrs,0.09758714103946389,,48,576,,equal_total_overhead,,288,144,-6.0,,576,1.0,50
Alg3 Port-DMRS RMMSE equal-total,,86,37,,,,,,130.20833333333334,16,0.0296965281736081,0.026278232740438515,0.029995050091756247,0.02693729222103943,,,1.0,0.05,4,2,,alg3_port_dmrs,0.09664497660980911,,48,576,,equal_total_overhead,,144,72,-6.0,,288,1.0,50
Alg3 Port-DMRS RMMSE equal-total,,6,3,311,87,,,,2083.3333333333335,256,0.01624872074283098,0.016029101182238846,0.01624736646371688,0.015982459637751897,,,30.0,0.016666666666666666,12,2,,alg3_port_dmrs,0.09042845225045414,,48,576,,equal_total_overhead,,48,24,8.0,,96,1.0,50
Alg3 Port-DMRS RMMSE equal-total,,11,5,311,87,,,,1041.6666666666667,128,0.08225663172415981,0.07564262208078448,0.08235702483148215,0.07566813218388098,,,30.0,0.05,4,2,,alg3_port_dmrs,0.08873767975038305,,48,576,,equal_total_overhead,,144,72,-6.0,,288,1.0,50
Alg3 Port-DMRS RMMSE equal-total,,22,10,311,87,,,,520.8333333333334,64,0.05273512753230908,0.048392063483297616,0.05280544234084923,0.04870050278775938,,,30.0,0.1,2,2,,alg3_port_dmrs,0.08817041849112915,,48,576,,equal_total_overhead,,288,144,-6.0,,576,1.0,50
Alg3 Port-DMRS RMMSE equal-total,,11,5,,,,,,1041.6666666666667,128,0.05864149022174292,0.04788631116644531,0.05872040871782749,0.048130276043463247,,,5.0,0.03333333333333333,6,2,,alg3_port_dmrs,0.08757879612531315,,48,576,,equal_total_overhead,,96,48,-6.0,,192,1.0,50
Alg3 Port-DMRS RMMSE equal-total,,6,3,,,,,,2083.3333333333335,256,0.08163583144958386,0.0769732507103833,0.08163566527842209,0.0769678140083476,,,1.0,0.016666666666666666,12,2,,alg3_port_dmrs,0.0870731789639157,,48,576,,equal_total_overhead,,48,24,-6.0,,96,1.0,50
Alg3 Port-DMRS RMMSE equal-total,,22,10,,,,,,520.8333333333334,64,0.0426585459442005,0.03608839122710235,0.04266008778909439,0.03609338797687635,,,1.0,0.03333333333333333,6,2,,alg3_port_dmrs,0.08660600411985289,,48,576,,equal_total_overhead,,96,48,-6.0,,192,1.0,50
Alg3 Port-DMRS RMMSE equal-total,,43,19,,,,,,260.4166666666667,32,0.0012307520471279952,0.0010499597686440905,0.0012348802249062193,0.0010369038330948956,,,1.0,0.05,4,2,,alg3_port_dmrs,0.0782561283092067,,48,576,,equal_total_overhead,,144,72,8.0,,288,1.0,50
Alg3 Port-DMRS RMMSE equal-total,,22,10,,,,,,520.8333333333334,64,0.01897408246897755,0.01848861432481314,0.018956520482345435,0.018291639822004716,,,5.0,0.03333333333333333,6,2,,alg3_port_dmrs,0.07426315034874417,,48,576,,equal_total_overhead,,96,48,0.0,,192,1.0,50
Alg3 Port-DMRS RMMSE equal-total,,6,3,93,26,,,,2083.3333333333335,256,0.08617467971961211,0.0867455427777247,0.08614500044215465,0.08614909897154377,,,100.0,0.03333333333333333,6,2,,alg3_port_dmrs,0.07331072990961408,,48,576,,equal_total_overhead,,96,48,0.0,,192,1.0,50
Alg3 Port-DMRS RMMSE equal-total,,86,37,,,,,,130.20833333333334,16,0.05542529233746532,0.048644426444018424,0.056182183573855876,0.04905461512983403,,,5.0,0.03333333333333333,6,2,,alg3_port_dmrs,0.07167495053644951,,48,576,,equal_total_overhead,,96,48,-6.0,,192,1.0,50
Alg3 Port-DMRS RMMSE equal-total,,11,5,93,26,,,,1041.6666666666667,128,0.2205144296630589,0.2143518818858706,0.2204827574097804,0.21398798707619715,,,100.0,0.03333333333333333,6,2,,alg3_port_dmrs,0.07137044354109584,,48,576,,equal_total_overhead,,96,48,-6.0,,192,1.0,50
Alg3 Port-DMRS RMMSE equal-total,,86,37,,,,,,130.20833333333334,16,0.04226198537689562,0.037645702504858006,0.04201612643630233,0.03635244265317777,,,5.0,0.05,4,2,,alg3_port_dmrs,0.06402489795940229,,48,576,,equal_total_overhead,,144,72,-6.0,,288,1.0,50
Alg3 Port-DMRS RMMSE equal-total,,11,5,,,,,,1041.6666666666667,128,0.048161184563870536,0.0415033823796964,0.048164702426325194,0.04151052641615244,,,1.0,0.03333333333333333,6,2,,alg3_port_dmrs,0.06392562861760877,,48,576,,equal_total_overhead,,96,48,-6.0,,192,1.0,50
Alg3 Port-DMRS RMMSE equal-total,,43,19,,,,,,260.4166666666667,32,0.09250437941712289,0.07473089464492691,0.09236175053809145,0.07451752824183266,,,1.0,0.016666666666666666,12,2,,alg3_port_dmrs,0.06363793059292523,,48,576,,equal_total_overhead,,48,24,-6.0,,96,1.0,50
Alg3 Port-DMRS RMMSE equal-total,,11,5,93,26,,,,1041.6666666666667,128,0.01972294551886182,0.01960150110865453,0.019737270662741665,0.01954580609040937,,,100.0,0.03333333333333333,6,2,,alg3_port_dmrs,0.06285884582166829,,48,576,,equal_total_overhead,,96,48,8.0,,192,1.0,50
Alg3 Port-DMRS RMMSE equal-total,,22,10,,267,,,,520.8333333333334,64,0.032004375846932186,0.027695957725240528,0.032026587231225305,0.027899114612627292,,,10.0,0.1,2,2,,alg3_port_dmrs,0.061394470574480525,,48,576,,equal_total_overhead,,288,144,-6.0,,576,1.0,50
Alg3 Port-DMRS RMMSE equal-total,,6,3,,,,,,2083.3333333333335,256,0.0006783635057518432,0.000621024834844651,0.0006784291128610926,0.0006220749090947862,,,1.0,0.1,2,2,,alg3_port_dmrs,0.0608372429037255,,48,576,,equal_total_overhead,,288,144,8.0,,576,1.0,50
Alg3 Port-DMRS RMMSE equal-total,,86,37,,,,,,130.20833333333334,16,0.03497451471809699,0.028738282629408397,0.035583191240735446,0.03039634862699363,,,5.0,0.016666666666666666,12,2,,alg3_port_dmrs,0.060754092682729736,,48,576,,equal_total_overhead,,48,24,0.0,,96,1.0,50
Alg3 Port-DMRS RMMSE equal-total,,11,5,93,26,,,,1041.6666666666667,128,0.08825289566128727,0.08668844953776984,0.08829029004199448,0.08637725739728247,,,100.0,0.03333333333333333,6,2,,alg3_port_dmrs,0.059324797802865856,,48,576,,equal_total_overhead,,96,48,0.0,,192,1.0,50
Alg3 Port-DMRS RMMSE equal-total,,6,3,93,26,,,,2083.3333333333335,256,0.018494242331850094,0.018294180987060593,0.01850022013865028,0.018277350733344272,,,100.0,0.03333333333333333,6,2,,alg3_port_dmrs,0.05877678536444782,,48,576,,equal_total_overhead,,96,48,8.0,,192,1.0,50
Alg3 Port-DMRS RMMSE equal-total,,11,5,,,,,,1041.6666666666667,128,0.014867067075689197,0.012337487253829127,0.014868435630017673,0.012346190165262765,,,1.0,0.1,2,2,,alg3_port_dmrs,0.050368790713397144,,48,576,,equal_total_overhead,,288,144,-6.0,,576,1.0,50
Alg3 Port-DMRS RMMSE equal-total,,11,5,93,26,,,,1041.6666666666667,128,0.007284466949210879,0.007209360546762911,0.007271833374312804,0.007202349220016643,,,100.0,0.1,2,2,,alg3_port_dmrs,0.046532171862774724,,48,576,,equal_total_overhead,,288,144,8.0,,576,1.0,50
Alg3 Port-DMRS RMMSE equal-total,,11,5,311,87,,,,1041.6666666666667,128,0.04167883043291644,0.03841887315943006,0.04182530840959868,0.03843543633952491,,,30.0,0.03333333333333333,6,2,,alg3_port_dmrs,0.04403364552388895,,48,576,,equal_total_overhead,,96,48,0.0,,192,1.0,50
Alg3 Port-DMRS RMMSE equal-total,,6,3,,,,,,2083.3333333333335,256,0.007346295559032414,0.006565379664831096,0.007349259598142065,0.006565452557566985,,,5.0,0.016666666666666666,12,2,,alg3_port_dmrs,0.038722959600113106,,48,576,,equal_total_overhead,,48,24,8.0,,96,1.0,50
Alg3 Port-DMRS RMMSE equal-total,,86,37,,,,,,130.20833333333334,16,0.04975490292517091,0.04307310485945637,0.05020110311222099,0.043515733669774195,,,1.0,0.03333333333333333,6,2,,alg3_port_dmrs,0.03721032189187368,,48,576,,equal_total_overhead,,96,48,-6.0,,192,1.0,50
Alg3 Port-DMRS RMMSE equal-total,,43,19,,,,,,260.4166666666667,32,0.0007026415571166758,0.0005709835053573567,0.0007051893808907599,0.0005701324269889335,,,1.0,0.1,2,2,,alg3_port_dmrs,0.03664235245064234,,48,576,,equal_total_overhead,,288,144,8.0,,576,1.0,50
Alg3 Port-DMRS RMMSE equal-total,,11,5,93,26,,,,1041.6666666666667,128,0.3372595208396201,0.329861768339038,0.3372220478129709,0.3305924931580069,,,100.0,0.016666666666666666,12,2,,alg3_port_dmrs,0.035967347175976154,,48,576,,equal_total_overhead,,48,24,-6.0,,96,1.0,50
Alg3 Port-DMRS RMMSE equal-total,,6,3,,267,,,,2083.3333333333335,256,0.04082100607292929,0.038888368516218935,0.04078033369239911,0.03892673613627093,,,10.0,0.016666666666666666,12,2,,alg3_port_dmrs,0.034814953128293274,,48,576,,equal_total_overhead,,48,24,0.0,,96,1.0,50
Alg3 Port-DMRS RMMSE equal-total,,6,3,93,26,,,,2083.3333333333335,256,0.03630030678325382,0.034259121022917394,0.03637308323403214,0.03427463627577973,,,100.0,0.016666666666666666,12,2,,alg3_port_dmrs,0.03384532875992172,,48,576,,equal_total_overhead,,48,24,8.0,,96,1.0,50
Alg3 Port-DMRS RMMSE equal-total,,11,5,,,,,,1041.6666666666667,128,0.08295023614041444,0.0704007642703483,0.08294878747775342,0.07040022694198964,,,1.0,0.016666666666666666,12,2,,alg3_port_dmrs,0.030711485140203217,,48,576,,equal_total_overhead,,48,24,-6.0,,96,1.0,50
Alg3 Port-DMRS RMMSE equal-total,,22,10,311,87,,,,520.8333333333334,64,0.008836453371944492,0.007881687569588899,0.00878329823831526,0.007951538936592513,,,30.0,0.03333333333333333,6,2,,alg3_port_dmrs,0.023160936533021682,,48,576,,equal_total_overhead,,96,48,8.0,,192,1.0,50
Alg3 Port-DMRS RMMSE equal-total,,43,19,,,,,,260.4166666666667,32,0.047091081921218775,0.04290200211829465,0.047310646233718716,0.042854847215197445,,,5.0,0.05,4,2,,alg3_port_dmrs,0.02142204190214432,,48,576,,equal_total_overhead,,144,72,-6.0,,288,1.0,50
Alg3 Port-DMRS RMMSE equal-total,,6,3,,267,,,,2083.3333333333335,256,0.026886764517562486,0.024086768545772498,0.026883374335809947,0.024094657521354944,,,10.0,0.03333333333333333,6,2,,alg3_port_dmrs,0.02047497145296243,,48,576,,equal_total_overhead,,96,48,0.0,,192,1.0,50
Alg3 Port-DMRS RMMSE equal-total,,43,19,,,,,,260.4166666666667,32,0.10618449566343012,0.08997745671194327,0.10609115329384151,0.08899334367333385,,,5.0,0.016666666666666666,12,2,,alg3_port_dmrs,0.01859001792896533,,48,576,,equal_total_overhead,,48,24,-6.0,,96,1.0,50
Alg3 Port-DMRS RMMSE equal-total,,11,5,311,87,,,,1041.6666666666667,128,0.01639640478079934,0.01621257322665297,0.016381879092868132,0.01610657342081687,,,30.0,0.016666666666666666,12,2,,alg3_port_dmrs,0.016098878658129246,,48,576,,equal_total_overhead,,48,24,8.0,,96,1.0,50
Alg3 Port-DMRS RMMSE equal-total,,86,37,,,,,,130.20833333333334,16,0.022129923959960513,0.020608047347427355,0.02209900864381537,0.019788085071111565,,,1.0,0.016666666666666666,12,2,,alg3_port_dmrs,0.015772504363954918,,48,576,,equal_total_overhead,,48,24,0.0,,96,1.0,50
Alg3 Port-DMRS RMMSE equal-total,,43,18,311,87,,,,260.4166666666667,32,0.1884034937264337,0.17983244994089959,0.18699282689664357,0.1807851492919013,,,30.0,0.016666666666666666,12,2,,alg3_port_dmrs,0.015715261992200948,,48,576,,equal_total_overhead,,48,24,-6.0,,96,1.0,50
Alg3 Port-DMRS RMMSE equal-total,,6,3,,,,,,2083.3333333333335,256,0.029964366290750024,0.028125244301970678,0.029966621867717293,0.028122113754370744,,,1.0,0.05,4,2,,alg3_port_dmrs,0.014642043592184188,,48,576,,equal_total_overhead,,144,72,-6.0,,288,1.0,50
Alg2 Basis LMMSE E99,0.99,6,3,,,,,,2083.3333333333335,256,0.03172833043536182,0.029214852427927075,0.03172379195258662,0.02915172939704814,,132.84031552851246,5.0,0.016666666666666666,12,2,2.5121456649383176,alg2_basis_reduced_support,0.01397335259779678,,48,576,6,,48,48,,0.0,3,96,,50
Alg3 Port-DMRS RMMSE equal-total,,11,5,,,,,,1041.6666666666667,128,0.00811190308538612,0.007754278692831837,0.00811451164984104,0.007692931553061433,,,5.0,0.1,2,2,,alg3_port_dmrs,0.00812722453839424,,48,576,,equal_total_overhead,,288,144,0.0,,576,1.0,50
Alg2 Basis LMMSE E99,0.99,11,5,,,,,,1041.6666666666667,128,0.059847238516750244,0.05202377718532077,0.05981270969115565,0.052156390259721436,,131.58793097639045,5.0,0.03333333333333333,6,2,2.5127096075886035,alg2_basis_reduced_support,0.007534717251314141,,48,576,6,,96,96,,-6.0,3,192,,50
Alg3 Port-DMRS RMMSE equal-total,,6,3,311,87,,,,2083.3333333333335,256,0.08963731831416918,0.08792195046396832,0.08962466917887184,0.08783578830183573,,,30.0,0.05,4,2,,alg3_port_dmrs,0.006216978046263984,,48,576,,equal_total_overhead,,144,72,-6.0,,288,1.0,50
Alg2 Basis LMMSE E99,0.99,22,10,,,,,,520.8333333333334,64,0.05097813330872739,0.04684390593069121,0.050868334705791,0.047191624176954675,,134.38122914353326,5.0,0.05,4,2,2.5118969440503514,alg2_basis_reduced_support,0.004210878578238458,,48,576,6,,144,144,,-6.0,3,288,,50
Alg3 Port-DMRS RMMSE equal-total,,43,19,,,,,,260.4166666666667,32,0.03554703756020697,0.029858351110260327,0.03571149214311172,0.029561045886752284,,,5.0,0.016666666666666666,12,2,,alg3_port_dmrs,0.003417434797268666,,48,576,,equal_total_overhead,,48,24,0.0,,96,1.0,50
Alg2 Basis LMMSE E99,0.99,22,10,,267,,,,520.8333333333334,64,0.138323084322155,0.13200121386126482,0.13823425127261266,0.13145891014342292,,133938.75465770924,10.0,0.016666666666666666,12,2,3.1888880425767594,alg2_basis_reduced_support,0.0017888666480219738,,48,576,12,,48,48,,-6.0,6,96,,50
Alg2 Basis LMMSE E99,0.99,22,10,,,,,,520.8333333333334,64,0.05743415958742827,0.04979528246794698,0.057078503787555565,0.04957624992737914,,134.4019026880822,5.0,0.03333333333333333,6,2,2.511860362867639,alg2_basis_reduced_support,0.0008390775714080951,,48,576,6,,96,96,,-6.0,3,192,,50
Alg2 Basis LMMSE E90,0.9,43,19,,,,,,260.4166666666667,32,0.0012673494455520803,0.0011399082094218902,0.0012571363571679795,0.0011015412580910426,,1.0735470760277057,1.0,0.05,4,2,1.9974870318058102,alg2_basis_reduced_support,0.0006806218049214617,,48,576,2,,144,144,,8.0,1,288,,50
Alg2 Basis LMMSE E95,0.95,43,19,,,,,,260.4166666666667,32,0.0012673494455520803,0.0011399082094218902,0.0012571363571679795,0.0011015412580910426,,1.0735470760277057,1.0,0.05,4,2,1.9974870318058102,alg2_basis_reduced_support,0.0006806218049214617,,48,576,2,,144,144,,8.0,1,288,,50
Alg2 Basis LMMSE E99,0.99,43,19,,,,,,260.4166666666667,32,0.0012673494455520803,0.0011399082094218902,0.0012571363571679795,0.0011015412580910426,,1.0735470760277057,1.0,0.05,4,2,1.9974870318058102,alg2_basis_reduced_support,0.0006806218049214617,,48,576,2,,144,144,,8.0,1,288,,50
Alg2 CoherenceBlock Bc0.9,,43,19,,,0.9,17.28,576,260.4166666666667,32,0.0012673509867636447,0.0011399084497881232,0.0012571379294237732,0.001101540828347211,1.073547076027706,1.073547076027706,1.0,0.05,4,2,,alg2_coherence_block,0.0006751902414760325,1,48,576,,,,144,,8.0,,288,,50
Alg2 Basis LMMSE E99,0.99,81,34,311,87,,,,130.20833333333334,16,0.23646023353386617,0.23061576830381122,0.19551561869682935,0.17597953137271252,,4258019532587.582,30.0,0.016666666666666666,12,2,4.977271358367949,alg2_basis_reduced_support,0.0002002374616216855,,48,576,34,,48,48,,-6.0,17,96,,50
Alg2 Basis LMMSE E90,0.9,6,3,,,,,,2083.3333333333335,256,0.0015928139606512062,0.0013551413652633493,0.0015928663458486755,0.0013554924235327386,,1.0000000000000007,1.0,0.03333333333333333,6,2,1.9999999999999998,alg2_basis_reduced_support,0.00018198537965184364,,48,576,2,,96,96,,8.0,1,192,,50
Alg2 Basis LMMSE E95,0.95,6,3,,,,,,2083.3333333333335,256,0.0015928139606512062,0.0013551413652633493,0.0015928663458486755,0.0013554924235327386,,1.0000000000000007,1.0,0.03333333333333333,6,2,1.9999999999999998,alg2_basis_reduced_support,0.00018198537965184364,,48,576,2,,96,96,,8.0,1,192,,50
Alg2 Basis LMMSE E99,0.99,6,3,,,,,,2083.3333333333335,256,0.0015928139606512062,0.0013551413652633493,0.0015928663458486755,0.0013554924235327386,,1.0000000000000007,1.0,0.03333333333333333,6,2,1.9999999999999998,alg2_basis_reduced_support,0.00018198537965184364,,48,576,2,,96,96,,8.0,1,192,,50
Alg2 CoherenceBlock Bc0.9,,6,3,,,0.9,17.28,576,2083.3333333333335,256,0.0015928157638732219,0.0013551513044210797,0.0015928681491034706,0.0013555023742628782,1.0000000000000002,1.0000000000000002,1.0,0.03333333333333333,6,2,,alg2_coherence_block,0.0001770688142046898,1,48,576,,,,96,,8.0,,192,,50
Alg2 Basis LMMSE E90,0.9,6,3,,,,,,2083.3333333333335,256,0.003918538487792091,0.0032588026592218246,0.003919106149207065,0.0032574487251778,,1.0,1.0,0.016666666666666666,12,2,2.0,alg2_basis_reduced_support,0.00017043986432286652,,48,576,2,,48,48,,8.0,1,96,,50
Alg2 Basis LMMSE E95,0.95,6,3,,,,,,2083.3333333333335,256,0.003918538487792091,0.0032588026592218246,0.003919106149207065,0.0032574487251778,,1.0,1.0,0.016666666666666666,12,2,2.0,alg2_basis_reduced_support,0.00017043986432286652,,48,576,2,,48,48,,8.0,1,96,,50
Alg2 Basis LMMSE E99,0.99,6,3,,,,,,2083.3333333333335,256,0.003918538487792091,0.0032588026592218246,0.003919106149207065,0.0032574487251778,,1.0,1.0,0.016666666666666666,12,2,2.0,alg2_basis_reduced_support,0.00017043986432286652,,48,576,2,,48,48,,8.0,1,96,,50
Alg2 CoherenceBlock Bc0.9,,6,3,,,0.9,17.28,576,2083.3333333333335,256,0.0039185386765874285,0.0032588040039863595,0.0039191063391369515,0.0032574500815744185,1.0000000000000002,1.0000000000000002,1.0,0.016666666666666666,12,2,,alg2_coherence_block,0.0001702293941380918,1,48,576,,,,48,,8.0,,96,,50
Alg2 CoherenceBlock Bc0.9,,6,3,,,0.9,17.28,576,2083.3333333333335,256,0.008054406586557723,0.006776204211556511,0.008054122634333517,0.006775942408409459,1.0000000000000004,1.0000000000000004,1.0,0.05,4,2,,alg2_coherence_block,7.092928541570325e-05,1,48,576,,,,144,,0.0,,288,,50
Alg2 Basis LMMSE E90,0.9,6,3,,,,,,2083.3333333333335,256,0.008054418507960232,0.006776175198904846,0.008054134579164816,0.0067759135224674995,,1.0000000000000004,1.0,0.05,4,2,2.0,alg2_basis_reduced_support,6.448839705368527e-05,,48,576,2,,144,144,,0.0,1,288,,50
Alg2 Basis LMMSE E95,0.95,6,3,,,,,,2083.3333333333335,256,0.008054418507960232,0.006776175198904846,0.008054134579164816,0.0067759135224674995,,1.0000000000000004,1.0,0.05,4,2,2.0,alg2_basis_reduced_support,6.448839705368527e-05,,48,576,2,,144,144,,0.0,1,288,,50
Alg2 Basis LMMSE E99,0.99,6,3,,,,,,2083.3333333333335,256,0.008054418507960232,0.006776175198904846,0.008054134579164816,0.0067759135224674995,,1.0000000000000004,1.0,0.05,4,2,2.0,alg2_basis_reduced_support,6.448839705368527e-05,,48,576,2,,144,144,,0.0,1,288,,50
Alg2 Basis LMMSE E90,0.9,86,37,,,,,,130.20833333333334,16,0.015305644379062327,0.014243082227675851,0.015163447749052967,0.014220580554781582,,1.1055920626291516,1.0,0.1,2,2,1.9949828942684567,alg2_basis_reduced_support,5.9736194934158346e-05,,48,576,2,,288,288,,-6.0,1,576,,50
Alg2 Basis LMMSE E95,0.95,86,37,,,,,,130.20833333333334,16,0.015305644379062327,0.014243082227675851,0.015163447749052967,0.014220580554781582,,1.1055920626291516,1.0,0.1,2,2,1.9949828942684567,alg2_basis_reduced_support,5.9736194934158346e-05,,48,576,2,,288,288,,-6.0,1,576,,50
Alg2 Basis LMMSE E99,0.99,86,37,,,,,,130.20833333333334,16,0.015305644379062327,0.014243082227675851,0.015163447749052967,0.014220580554781582,,1.1055920626291516,1.0,0.1,2,2,1.9949828942684567,alg2_basis_reduced_support,5.9736194934158346e-05,,48,576,2,,288,288,,-6.0,1,576,,50
Alg2 CoherenceBlock Bc0.9,,86,37,,,0.9,17.28,576,130.20833333333334,16,0.015305667029495373,0.014243469454000256,0.015163464995686137,0.014220628286253837,1.1055920626291509,1.1055920626291509,1.0,0.1,2,2,,alg2_coherence_block,5.479661029489751e-05,1,48,576,,,,288,,-6.0,,576,,50
Alg2 Basis LMMSE E90,0.9,6,3,,,,,,2083.3333333333335,256,0.011924459934884897,0.010147849164306576,0.011924780297221747,0.010146837174580165,,1.0000000000000007,1.0,0.03333333333333333,6,2,1.9999999999999998,alg2_basis_reduced_support,4.9411084475694863e-05,,48,576,2,,96,96,,0.0,1,192,,50
Alg2 Basis LMMSE E95,0.95,6,3,,,,,,2083.3333333333335,256,0.011924459934884897,0.010147849164306576,0.011924780297221747,0.010146837174580165,,1.0000000000000007,1.0,0.03333333333333333,6,2,1.9999999999999998,alg2_basis_reduced_support,4.9411084475694863e-05,,48,576,2,,96,96,,0.0,1,192,,50
Alg2 Basis LMMSE E99,0.99,6,3,,,,,,2083.3333333333335,256,0.011924459934884897,0.010147849164306576,0.011924780297221747,0.010146837174580165,,1.0000000000000007,1.0,0.03333333333333333,6,2,1.9999999999999998,alg2_basis_reduced_support,4.9411084475694863e-05,,48,576,2,,96,96,,0.0,1,192,,50
Alg2 Basis LMMSE E90,0.9,6,3,,,,,,2083.3333333333335,256,0.08328961027378931,0.08147786420074052,0.08328797829288287,0.08147579632916693,,1.0,1.0,0.016666666666666666,12,2,2.0,alg2_basis_reduced_support,4.9339389415426916e-05,,48,576,2,,48,48,,-6.0,1,96,,50
Alg2 Basis LMMSE E95,0.95,6,3,,,,,,2083.3333333333335,256,0.08328961027378931,0.08147786420074052,0.08328797829288287,0.08147579632916693,,1.0,1.0,0.016666666666666666,12,2,2.0,alg2_basis_reduced_support,4.9339389415426916e-05,,48,576,2,,48,48,,-6.0,1,96,,50
Alg2 Basis LMMSE E99,0.99,6,3,,,,,,2083.3333333333335,256,0.08328961027378931,0.08147786420074052,0.08328797829288287,0.08147579632916693,,1.0,1.0,0.016666666666666666,12,2,2.0,alg2_basis_reduced_support,4.9339389415426916e-05,,48,576,2,,48,48,,-6.0,1,96,,50
Alg2 CoherenceBlock Bc0.9,,86,37,,,0.9,17.28,576,130.20833333333334,16,0.013118628744831252,0.010272899460537046,0.01289605121824407,0.009838980670902314,1.105681859518191,1.105681859518191,1.0,0.03333333333333333,6,2,,alg2_coherence_block,4.867954134231693e-05,1,48,576,,,,96,,0.0,,192,,50
Alg2 Basis LMMSE E90,0.9,11,5,,,,,,1041.6666666666667,128,0.013057782299572692,0.010810975024022342,0.013058201520380475,0.01081060558776225,,1.0000000000000004,1.0,0.03333333333333333,6,2,2.0000000000000004,alg2_basis_reduced_support,4.668537778957483e-05,,48,576,2,,96,96,,0.0,1,192,,50
Alg2 Basis LMMSE E95,0.95,11,5,,,,,,1041.6666666666667,128,0.013057782299572692,0.010810975024022342,0.013058201520380475,0.01081060558776225,,1.0000000000000004,1.0,0.03333333333333333,6,2,2.0000000000000004,alg2_basis_reduced_support,4.668537778957483e-05,,48,576,2,,96,96,,0.0,1,192,,50
Alg2 Basis LMMSE E99,0.99,11,5,,,,,,1041.6666666666667,128,0.013057782299572692,0.010810975024022342,0.013058201520380475,0.01081060558776225,,1.0000000000000004,1.0,0.03333333333333333,6,2,2.0000000000000004,alg2_basis_reduced_support,4.668537778957483e-05,,48,576,2,,96,96,,0.0,1,192,,50
Alg2 CoherenceBlock Bc0.9,,11,5,,,0.9,17.28,576,1041.6666666666667,128,0.013057808710445117,0.010810960253036891,0.013058227934274998,0.010810590709234786,1.0000000000000004,1.0000000000000004,1.0,0.03333333333333333,6,2,,alg2_coherence_block,3.7900556222155106e-05,1,48,576,,,,96,,0.0,,192,,50
Alg2 Basis LMMSE E90,0.9,86,37,,,,,,130.20833333333334,16,0.02249981161249512,0.01579895913373576,0.022179237297480572,0.015872567570517797,,1.1059857360702703,1.0,0.016666666666666666,12,2,1.9949473939481872,alg2_basis_reduced_support,3.4347186753028327e-05,,48,576,2,,48,48,,0.0,1,96,,50
Alg2 Basis LMMSE E95,0.95,86,37,,,,,,130.20833333333334,16,0.02249981161249512,0.01579895913373576,0.022179237297480572,0.015872567570517797,,1.1059857360702703,1.0,0.016666666666666666,12,2,1.9949473939481872,alg2_basis_reduced_support,3.4347186753028327e-05,,48,576,2,,48,48,,0.0,1,96,,50
Alg2 Basis LMMSE E99,0.99,86,37,,,,,,130.20833333333334,16,0.02249981161249512,0.01579895913373576,0.022179237297480572,0.015872567570517797,,1.1059857360702703,1.0,0.016666666666666666,12,2,1.9949473939481872,alg2_basis_reduced_support,3.4347186753028327e-05,,48,576,2,,48,48,,0.0,1,96,,50
Alg2 CoherenceBlock Bc0.9,,6,3,,,0.9,17.28,576,2083.3333333333335,256,0.08328991871450851,0.08147803275300994,0.08328828676077585,0.08147596540619491,1.0000000000000002,1.0000000000000002,1.0,0.016666666666666666,12,2,,alg2_coherence_block,3.325475650304525e-05,1,48,576,,,,48,,-6.0,,96,,50
Alg2 Basis LMMSE E90,0.9,86,37,,,,,,130.20833333333334,16,0.01311867631727889,0.010272907864966305,0.012896098617978167,0.0098389017787324,,1.105681859518191,1.0,0.03333333333333333,6,2,1.9949748064147332,alg2_basis_reduced_support,3.2716976692018335e-05,,48,576,2,,96,96,,0.0,1,192,,50
Alg2 Basis LMMSE E95,0.95,86,37,,,,,,130.20833333333334,16,0.01311867631727889,0.010272907864966305,0.012896098617978167,0.0098389017787324,,1.105681859518191,1.0,0.03333333333333333,6,2,1.9949748064147332,alg2_basis_reduced_support,3.2716976692018335e-05,,48,576,2,,96,96,,0.0,1,192,,50
Alg2 Basis LMMSE E99,0.99,86,37,,,,,,130.20833333333334,16,0.01311867631727889,0.010272907864966305,0.012896098617978167,0.0098389017787324,,1.105681859518191,1.0,0.03333333333333333,6,2,1.9949748064147332,alg2_basis_reduced_support,3.2716976692018335e-05,,48,576,2,,96,96,,0.0,1,192,,50
Alg2 CoherenceBlock Bc0.9,,86,37,,,0.9,17.28,576,130.20833333333334,16,0.022499846241748615,0.01579861409823979,0.022179268692505357,0.015872609327145713,1.1059857360702705,1.1059857360702705,1.0,0.016666666666666666,12,2,,alg2_coherence_block,2.8199691151263787e-05,1,48,576,,,,48,,0.0,,96,,50
Alg2 CoherenceBlock Bc0.9,,6,3,,,0.9,17.28,576,2083.3333333333335,256,0.011924519090251908,0.010147789237365413,0.011924839485687365,0.010146777265908258,1.0000000000000002,1.0000000000000002,1.0,0.03333333333333333,6,2,,alg2_coherence_block,2.785499742354138e-05,1,48,576,,,,96,,0.0,,192,,50
Alg3 Port-DMRS RMMSE equal-total,,6,3,,267,,,,2083.3333333333335,256,0.13222059566656427,0.13071272317533694,0.13226658170250397,0.1309929240497056,,,10.0,0.016666666666666666,12,2,,alg3_port_dmrs,2.7151512845104404e-05,,48,576,,equal_total_overhead,,48,24,-6.0,,96,1.0,50
Alg2 Basis LMMSE E90,0.9,43,19,,,,,,260.4166666666667,32,0.01587217104159922,0.01538760000932801,0.01581456092209368,0.015211441171988508,,1.0734550006754537,1.0,0.1,2,2,1.99749308972305,alg2_basis_reduced_support,2.540083450939195e-05,,48,576,2,,288,288,,-6.0,1,576,,50
Alg2 Basis LMMSE E95,0.95,43,19,,,,,,260.4166666666667,32,0.01587217104159922,0.01538760000932801,0.01581456092209368,0.015211441171988508,,1.0734550006754537,1.0,0.1,2,2,1.99749308972305,alg2_basis_reduced_support,2.540083450939195e-05,,48,576,2,,288,288,,-6.0,1,576,,50
Alg2 Basis LMMSE E99,0.99,43,19,,,,,,260.4166666666667,32,0.01587217104159922,0.01538760000932801,0.01581456092209368,0.015211441171988508,,1.0734550006754537,1.0,0.1,2,2,1.99749308972305,alg2_basis_reduced_support,2.540083450939195e-05,,48,576,2,,288,288,,-6.0,1,576,,50
Alg2 Basis LMMSE E90,0.9,6,3,,,,,,2083.3333333333335,256,0.04574817863396891,0.03928900957815756,0.045747388991060414,0.039297183906856964,,1.0000000000000007,1.0,0.03333333333333333,6,2,1.9999999999999998,alg2_basis_reduced_support,2.3886376610543866e-05,,48,576,2,,96,96,,-6.0,1,192,,50
Alg2 Basis LMMSE E95,0.95,6,3,,,,,,2083.3333333333335,256,0.04574817863396891,0.03928900957815756,0.045747388991060414,0.039297183906856964,,1.0000000000000007,1.0,0.03333333333333333,6,2,1.9999999999999998,alg2_basis_reduced_support,2.3886376610543866e-05,,48,576,2,,96,96,,-6.0,1,192,,50
Alg2 Basis LMMSE E99,0.99,6,3,,,,,,2083.3333333333335,256,0.04574817863396891,0.03928900957815756,0.045747388991060414,0.039297183906856964,,1.0000000000000007,1.0,0.03333333333333333,6,2,1.9999999999999998,alg2_basis_reduced_support,2.3886376610543866e-05,,48,576,2,,96,96,,-6.0,1,192,,50
Alg2 Basis LMMSE E90,0.9,22,10,,,,,,520.8333333333334,64,0.028250748706914068,0.02598356987312425,0.028245968946658973,0.025966892249541365,,1.0000000000000009,1.0,0.05,4,2,2.0000000000000004,alg2_basis_reduced_support,2.3404654439733066e-05,,48,576,2,,144,144,,-6.0,1,288,,50
Alg2 Basis LMMSE E95,0.95,22,10,,,,,,520.8333333333334,64,0.028250748706914068,0.02598356987312425,0.028245968946658973,0.025966892249541365,,1.0000000000000009,1.0,0.05,4,2,2.0000000000000004,alg2_basis_reduced_support,2.3404654439733066e-05,,48,576,2,,144,144,,-6.0,1,288,,50
Alg2 Basis LMMSE E99,0.99,22,10,,,,,,520.8333333333334,64,0.028250748706914068,0.02598356987312425,0.028245968946658973,0.025966892249541365,,1.0000000000000009,1.0,0.05,4,2,2.0000000000000004,alg2_basis_reduced_support,2.3404654439733066e-05,,48,576,2,,144,144,,-6.0,1,288,,50
Alg2 Basis LMMSE E90,0.9,22,10,,,,,,520.8333333333334,64,0.017266608054902658,0.015262902160460794,0.01726842162193846,0.015278948719547188,,1.0000000000000007,1.0,0.1,2,2,2.0,alg2_basis_reduced_support,2.1285515221965268e-05,,48,576,2,,288,288,,-6.0,1,576,,50
Alg2 Basis LMMSE E95,0.95,22,10,,,,,,520.8333333333334,64,0.017266608054902658,0.015262902160460794,0.01726842162193846,0.015278948719547188,,1.0000000000000007,1.0,0.1,2,2,2.0,alg2_basis_reduced_support,2.1285515221965268e-05,,48,576,2,,288,288,,-6.0,1,576,,50
Alg2 Basis LMMSE E99,0.99,22,10,,,,,,520.8333333333334,64,0.017266608054902658,0.015262902160460794,0.01726842162193846,0.015278948719547188,,1.0000000000000007,1.0,0.1,2,2,2.0,alg2_basis_reduced_support,2.1285515221965268e-05,,48,576,2,,288,288,,-6.0,1,576,,50
Alg2 CoherenceBlock Bc0.9,,43,19,,,0.9,17.28,576,260.4166666666667,32,0.015872191248865748,0.01538770760741235,0.01581458414825204,0.015211477798437522,1.073455000675454,1.073455000675454,1.0,0.1,2,2,,alg2_coherence_block,1.9022544873523435e-05,1,48,576,,,,288,,-6.0,,576,,50
Alg2 CoherenceBlock Bc0.9,,6,3,,,0.9,17.28,576,2083.3333333333335,256,0.045748236841890375,0.03928955872389339,0.04574744722477697,0.03929773355177604,1.0000000000000002,1.0000000000000002,1.0,0.03333333333333333,6,2,,alg2_coherence_block,1.8358068607797696e-05,1,48,576,,,,96,,-6.0,,192,,50
Alg2 CoherenceBlock Bc0.9,,22,10,,,0.9,17.28,576,520.8333333333334,64,0.017266650444788492,0.015262875761854824,0.01726846395610951,0.01527892167803398,1.0000000000000002,1.0000000000000002,1.0,0.1,2,2,,alg2_coherence_block,1.0638639237792938e-05,1,48,576,,,,288,,-6.0,,576,,50
Alg2 Basis LMMSE E90,0.9,43,19,,,,,,260.4166666666667,32,0.007744557588693572,0.006483926937306135,0.007697879665845654,0.006244375311554251,,1.0735470760277057,1.0,0.05,4,2,1.9974870318058102,alg2_basis_reduced_support,6.632028152956253e-06,,48,576,2,,144,144,,0.0,1,288,,50
Alg2 Basis LMMSE E95,0.95,43,19,,,,,,260.4166666666667,32,0.007744557588693572,0.006483926937306135,0.007697879665845654,0.006244375311554251,,1.0735470760277057,1.0,0.05,4,2,1.9974870318058102,alg2_basis_reduced_support,6.632028152956253e-06,,48,576,2,,144,144,,0.0,1,288,,50
Alg2 Basis LMMSE E99,0.99,43,19,,,,,,260.4166666666667,32,0.007744557588693572,0.006483926937306135,0.007697879665845654,0.006244375311554251,,1.0735470760277057,1.0,0.05,4,2,1.9974870318058102,alg2_basis_reduced_support,6.632028152956253e-06,,48,576,2,,144,144,,0.0,1,288,,50
Alg2 CoherenceBlock Bc0.9,,43,19,,,0.9,17.28,576,260.4166666666667,32,0.007744560644343628,0.0064839470280776065,0.007697880634511441,0.006244390009276542,1.073547076027706,1.073547076027706,1.0,0.05,4,2,,alg2_coherence_block,6.085531977918012e-06,1,48,576,,,,144,,0.0,,288,,50
Alg2 CoherenceBlock Bc0.9,,22,10,,,0.9,17.28,576,520.8333333333334,64,0.02825086340371533,0.025983182077526687,0.02824608367554748,0.025966504666967517,1.0000000000000002,1.0000000000000002,1.0,0.05,4,2,,alg2_coherence_block,5.764607430667228e-06,1,48,576,,,,144,,-6.0,,288,,50
Alg2 Basis LMMSE E90,0.9,22,10,,,,,,520.8333333333334,64,0.08582289071049655,0.07067226855540114,0.0858288663195236,0.07068273953294495,,1.0000000000000004,1.0,0.016666666666666666,12,2,2.0000000000000004,alg2_basis_reduced_support,5.392166345289424e-06,,48,576,2,,48,48,,-6.0,1,96,,50
Alg2 Basis LMMSE E95,0.95,22,10,,,,,,520.8333333333334,64,0.08582289071049655,0.07067226855540114,0.0858288663195236,0.07068273953294495,,1.0000000000000004,1.0,0.016666666666666666,12,2,2.0000000000000004,alg2_basis_reduced_support,5.392166345289424e-06,,48,576,2,,48,48,,-6.0,1,96,,50
Alg2 Basis LMMSE E99,0.99,22,10,,,,,,520.8333333333334,64,0.08582289071049655,0.07067226855540114,0.0858288663195236,0.07068273953294495,,1.0000000000000004,1.0,0.016666666666666666,12,2,2.0000000000000004,alg2_basis_reduced_support,5.392166345289424e-06,,48,576,2,,48,48,,-6.0,1,96,,50
Alg2 CoherenceBlock Bc0.9,,11,5,,,0.9,17.28,576,1041.6666666666667,128,0.048872075808238505,0.03984345930369887,0.048878856188816606,0.03984031773564712,1.0000000000000004,1.0000000000000004,1.0,0.03333333333333333,6,2,,alg2_coherence_block,4.0985715881043925e-06,1,48,576,,,,96,,-6.0,,192,,50
Alg2 Basis LMMSE E90,0.9,11,5,,,,,,1041.6666666666667,128,0.08353717171077062,0.0719343598101291,0.08353737954272375,0.07194800800596825,,1.0000000000000002,1.0,0.016666666666666666,12,2,2.0000000000000004,alg2_basis_reduced_support,3.426267533562719e-06,,48,576,2,,48,48,,-6.0,1,96,,50
Alg2 Basis LMMSE E95,0.95,11,5,,,,,,1041.6666666666667,128,0.08353717171077062,0.0719343598101291,0.08353737954272375,0.07194800800596825,,1.0000000000000002,1.0,0.016666666666666666,12,2,2.0000000000000004,alg2_basis_reduced_support,3.426267533562719e-06,,48,576,2,,48,48,,-6.0,1,96,,50
Alg2 Basis LMMSE E99,0.99,11,5,,,,,,1041.6666666666667,128,0.08353717171077062,0.0719343598101291,0.08353737954272375,0.07194800800596825,,1.0000000000000002,1.0,0.016666666666666666,12,2,2.0000000000000004,alg2_basis_reduced_support,3.426267533562719e-06,,48,576,2,,48,48,,-6.0,1,96,,50
Alg2 CoherenceBlock Bc0.9,,86,37,,,0.9,17.28,576,130.20833333333334,16,0.050670812773786815,0.043669638533035154,0.05063304110921291,0.04322064044849712,1.105681859518191,1.105681859518191,1.0,0.03333333333333333,6,2,,alg2_coherence_block,2.7990886381259526e-06,1,48,576,,,,96,,-6.0,,192,,50
Alg2 Basis LMMSE E90,0.9,11,5,,,,,,1041.6666666666667,128,0.03376783742015858,0.028436629273828867,0.033766059240272976,0.028442492531143802,,1.0000000000000004,1.0,0.05,4,2,2.0,alg2_basis_reduced_support,2.683512344816345e-06,,48,576,2,,144,144,,-6.0,1,288,,50
Alg2 Basis LMMSE E95,0.95,11,5,,,,,,1041.6666666666667,128,0.03376783742015858,0.028436629273828867,0.033766059240272976,0.028442492531143802,,1.0000000000000004,1.0,0.05,4,2,2.0,alg2_basis_reduced_support,2.683512344816345e-06,,48,576,2,,144,144,,-6.0,1,288,,50
Alg2 Basis LMMSE E99,0.99,11,5,,,,,,1041.6666666666667,128,0.03376783742015858,0.028436629273828867,0.033766059240272976,0.028442492531143802,,1.0000000000000004,1.0,0.05,4,2,2.0,alg2_basis_reduced_support,2.683512344816345e-06,,48,576,2,,144,144,,-6.0,1,288,,50
Alg2 Basis LMMSE E90,0.9,43,19,,,,,,260.4166666666667,32,0.022629348524745366,0.021291031257154158,0.022375348784181553,0.02070634939751162,,1.0745395365556365,1.0,0.016666666666666666,12,2,1.9974213071105276,alg2_basis_reduced_support,2.4729194226224845e-06,,48,576,2,,48,48,,0.0,1,96,,50
Alg2 Basis LMMSE E95,0.95,43,19,,,,,,260.4166666666667,32,0.022629348524745366,0.021291031257154158,0.022375348784181553,0.02070634939751162,,1.0745395365556365,1.0,0.016666666666666666,12,2,1.9974213071105276,alg2_basis_reduced_support,2.4729194226224845e-06,,48,576,2,,48,48,,0.0,1,96,,50
Alg2 Basis LMMSE E99,0.99,43,19,,,,,,260.4166666666667,32,0.022629348524745366,0.021291031257154158,0.022375348784181553,0.02070634939751162,,1.0745395365556365,1.0,0.016666666666666666,12,2,1.9974213071105276,alg2_basis_reduced_support,2.4729194226224845e-06,,48,576,2,,48,48,,0.0,1,96,,50
Alg2 CoherenceBlock Bc0.9,,11,5,,,0.9,17.28,576,1041.6666666666667,128,0.08353721586860775,0.07193213618831154,0.0835374235256433,0.07194578529658355,1.0,1.0,1.0,0.016666666666666666,12,2,,alg2_coherence_block,1.1396822542104854e-06,1,48,576,,,,48,,-6.0,,96,,50
Alg2 Basis LMMSE E90,0.9,11,5,,,,,,1041.6666666666667,128,0.0488721133144175,0.039844271144553814,0.048878893554712824,0.039841129877003174,,1.0000000000000004,1.0,0.03333333333333333,6,2,2.0000000000000004,alg2_basis_reduced_support,7.785682977459716e-07,,48,576,2,,96,96,,-6.0,1,192,,50
Alg2 Basis LMMSE E95,0.95,11,5,,,,,,1041.6666666666667,128,0.0488721133144175,0.039844271144553814,0.048878893554712824,0.039841129877003174,,1.0000000000000004,1.0,0.03333333333333333,6,2,2.0000000000000004,alg2_basis_reduced_support,7.785682977459716e-07,,48,576,2,,96,96,,-6.0,1,192,,50
Alg2 Basis LMMSE E99,0.99,11,5,,,,,,1041.6666666666667,128,0.0488721133144175,0.039844271144553814,0.048878893554712824,0.039841129877003174,,1.0000000000000004,1.0,0.03333333333333333,6,2,2.0000000000000004,alg2_basis_reduced_support,7.785682977459716e-07,,48,576,2,,96,96,,-6.0,1,192,,50
